id,region,income,married,children,save_act,response
ID12401,INNER_CITY,29866.9,NO,1,NO,NO
ID12402,SUBURBAN,12810.2,NO,3,YES,NO
ID12403,INNER_CITY,57444.5,NO,1,YES,NO
ID12404,TOWN,33615.4,YES,1,YES,NO
ID12405,INNER_CITY,16479.5,YES,0,NO,NO
ID12406,INNER_CITY,41521.6,YES,0,YES,YES
ID12407,TOWN,51620.8,NO,2,YES,NO
ID12408,SUBURBAN,47198.6,YES,2,YES,NO
ID12409,TOWN,17239.5,NO,1,NO,NO
ID12410,SUBURBAN,27712.9,NO,2,YES,NO
ID12411,INNER_CITY,31473.9,NO,2,YES,NO
ID12412,SUBURBAN,48770.5,YES,1,YES,NO
ID12413,TOWN,26688.1,YES,1,YES,NO
ID12414,SUBURBAN,32245.4,YES,3,NO,YES
ID12415,INNER_CITY,20754.3,NO,0,NO,NO
ID12416,INNER_CITY,34852.3,YES,1,YES,NO
ID12417,SUBURBAN,45856.1,NO,1,YES,NO
ID12418,SUBURBAN,48770.5,YES,1,YES,NO
ID12419,INNER_CITY,23475.6,YES,0,NO,NO
ID12420,TOWN,33302.8,NO,0,NO,NO
ID12421,TOWN,43395.5,NO,1,YES,NO
ID12422,INNER_CITY,58092,NO,2,YES,NO
ID12423,TOWN,33204.3,NO,1,NO,NO
ID12424,TOWN,22197.1,NO,0,NO,NO
ID12425,SUBURBAN,59175.1,YES,1,YES,NO
ID12426,INNER_CITY,36256.9,NO,0,NO,NO
ID12427,TOWN,43719.5,YES,0,YES,YES
ID12428,SUBURBAN,36599,YES,3,YES,NO
ID12429,SUBURBAN,17986.8,YES,0,NO,NO
ID12430,INNER_CITY,34852.3,YES,1,YES,NO
ID12431,INNER_CITY,13864.6,YES,3,YES,NO
ID12432,INNER_CITY,31671.3,YES,1,YES,NO
ID12433,TOWN,34836.8,YES,1,YES,NO
ID12434,TOWN,27757.6,NO,0,YES,NO
ID12435,RURAL,50186.1,YES,2,YES,NO
ID12436,INNER_CITY,7756.3,NO,0,NO,NO
ID12437,INNER_CITY,21268.4,YES,0,NO,NO
ID12438,SUBURBAN,23287.9,NO,0,NO,NO
ID12439,RURAL,48346.1,YES,1,YES,NO
ID12440,INNER_CITY,22792.3,YES,1,YES,NO
ID12441,SUBURBAN,13700.2,NO,1,YES,YES
ID12442,INNER_CITY,16398.8,NO,1,YES,NO
ID12443,INNER_CITY,18158.5,NO,1,NO,NO
ID12444,INNER_CITY,27045.1,NO,0,NO,NO
ID12445,INNER_CITY,44658.6,NO,2,YES,NO
ID12446,INNER_CITY,37850.6,NO,1,YES,NO
ID12447,TOWN,22678.1,NO,1,YES,NO
ID12448,INNER_CITY,38248.3,NO,3,NO,YES
ID12449,INNER_CITY,41438,NO,1,YES,NO
ID12450,RURAL,19481.3,NO,0,NO,NO
ID12451,INNER_CITY,31671.3,YES,1,YES,NO
ID12452,INNER_CITY,34073.8,YES,3,YES,YES
ID12453,INNER_CITY,7756.3,NO,0,NO,NO
ID12454,RURAL,11215.3,YES,2,YES,NO
ID12455,INNER_CITY,38459.9,YES,0,NO,NO
ID12456,INNER_CITY,14711.8,YES,0,YES,YES
ID12457,SUBURBAN,50409.9,NO,2,YES,NO
ID12458,SUBURBAN,12623.4,YES,1,YES,YES
ID12459,RURAL,52769.9,YES,3,YES,NO
ID12460,SUBURBAN,25468.5,NO,0,NO,NO
ID12461,SUBURBAN,59175.1,YES,1,YES,NO
ID12462,TOWN,19160.3,YES,1,YES,NO
ID12463,INNER_CITY,30157.7,NO,1,NO,NO
ID12464,SUBURBAN,37554.1,YES,2,YES,NO
ID12465,TOWN,26325.3,YES,0,NO,YES
ID12466,RURAL,51284.3,NO,0,YES,YES
ID12467,INNER_CITY,23475.6,YES,0,NO,NO
ID12468,RURAL,48346.1,YES,1,YES,NO
ID12469,RURAL,29093.1,NO,2,YES,YES
ID12470,INNER_CITY,22792.3,YES,1,YES,NO
ID12471,TOWN,22197.1,NO,0,NO,NO
ID12472,RURAL,20736.2,YES,1,YES,NO
ID12473,TOWN,17239.5,NO,1,NO,NO
ID12474,TOWN,33302.8,NO,0,NO,NO
ID12475,INNER_CITY,21268.4,YES,0,NO,NO
ID12476,TOWN,27757.6,NO,0,YES,NO
ID12477,SUBURBAN,23287.9,NO,0,NO,NO
ID12478,TOWN,40972.9,NO,2,YES,NO
ID12479,SUBURBAN,18707.3,YES,0,YES,NO
ID12480,TOWN,27756.3,YES,0,YES,NO
ID12481,INNER_CITY,46587.9,NO,0,YES,NO
ID12482,INNER_CITY,32184.4,YES,2,NO,NO
ID12483,TOWN,22197.1,NO,0,NO,NO
ID12484,SUBURBAN,15109.4,YES,0,NO,NO
ID12485,SUBURBAN,12810.2,NO,3,YES,NO
ID12486,INNER_CITY,7756.3,NO,0,NO,NO
ID12487,RURAL,20736.2,YES,1,YES,NO
ID12488,INNER_CITY,23475.6,YES,0,NO,NO
ID12489,TOWN,37689.1,NO,1,YES,NO
ID12490,TOWN,52662.5,YES,1,YES,NO
ID12491,INNER_CITY,38103.4,NO,2,YES,NO
ID12492,INNER_CITY,29414.6,YES,1,YES,NO
ID12493,INNER_CITY,16518.6,YES,0,NO,NO
ID12494,RURAL,28138.5,YES,0,NO,NO
ID12495,TOWN,31273.8,NO,1,YES,NO
ID12496,RURAL,52769.9,YES,3,YES,NO
ID12497,RURAL,11215.3,YES,2,YES,NO
ID12498,INNER_CITY,59805.6,YES,1,YES,NO
ID12499,TOWN,33204.3,NO,1,NO,NO
ID12500,INNER_CITY,38103.4,NO,2,YES,NO
ID12501,INNER_CITY,38103.4,NO,2,YES,NO
ID12502,TOWN,51299.3,YES,1,YES,NO
ID12503,INNER_CITY,31671.3,YES,1,YES,NO
ID12504,INNER_CITY,33886.4,NO,0,YES,NO
ID12505,TOWN,30760.4,NO,2,NO,NO
ID12506,INNER_CITY,38103.4,NO,2,YES,NO
ID12507,TOWN,26671.6,NO,0,NO,NO
ID12508,TOWN,26688.1,YES,1,YES,NO
ID12509,INNER_CITY,21268.4,YES,0,NO,NO
ID12510,TOWN,33615.4,YES,1,YES,NO
ID12511,INNER_CITY,37930.9,YES,0,YES,YES
ID12512,INNER_CITY,16662.5,YES,1,YES,NO
ID12513,TOWN,30760.4,NO,2,NO,NO
ID12514,INNER_CITY,29714.4,YES,0,NO,NO
ID12515,SUBURBAN,30198.5,YES,0,NO,NO
ID12516,TOWN,30760.4,NO,2,NO,NO
ID12517,TOWN,42378.2,YES,1,YES,NO
ID12518,INNER_CITY,34182.2,YES,2,YES,NO
ID12519,TOWN,42378.2,YES,1,YES,NO
ID12520,SUBURBAN,51417,YES,2,YES,NO
ID12521,INNER_CITY,10191.8,YES,0,YES,NO
ID12522,RURAL,20736.2,YES,1,YES,NO
ID12523,INNER_CITY,23475.6,YES,0,NO,NO
ID12524,TOWN,34836.8,YES,1,YES,NO
ID12525,TOWN,7723.9,YES,2,YES,YES
ID12526,INNER_CITY,30157.7,NO,1,NO,NO
ID12527,RURAL,43743.2,YES,3,YES,YES
ID12528,INNER_CITY,18158.5,NO,1,NO,NO
ID12529,INNER_CITY,17944.2,NO,1,YES,NO
ID12530,SUBURBAN,45856.1,NO,1,YES,NO
ID12531,INNER_CITY,18050,YES,0,NO,NO
ID12532,INNER_CITY,16398.8,NO,1,YES,NO
ID12533,TOWN,27757.6,NO,0,YES,NO
ID12534,INNER_CITY,15281.8,NO,0,NO,NO
ID12535,INNER_CITY,36256.9,NO,0,NO,NO
ID12536,INNER_CITY,31415.7,NO,1,YES,NO
ID12537,INNER_CITY,18364.9,YES,1,NO,NO
ID12538,SUBURBAN,27712.9,NO,2,YES,NO
ID12539,TOWN,27756.3,YES,0,YES,NO
ID12540,INNER_CITY,20754.3,NO,0,NO,NO
ID12541,INNER_CITY,38453.7,NO,2,YES,NO
ID12542,INNER_CITY,23475.6,YES,0,NO,NO
ID12543,SUBURBAN,27712.9,NO,2,YES,NO
ID12544,RURAL,37389,YES,2,YES,NO
ID12545,TOWN,42378.2,YES,1,YES,NO
ID12546,TOWN,15349.6,YES,0,YES,YES
ID12547,RURAL,48346.1,YES,1,YES,NO
ID12548,SUBURBAN,17861,YES,2,YES,YES
ID12549,RURAL,57398.1,NO,3,YES,NO
ID12550,SUBURBAN,27712.9,NO,2,YES,NO
ID12551,RURAL,57176.4,NO,2,YES,NO
ID12552,TOWN,42378.2,YES,1,YES,NO
ID12553,RURAL,48346.1,YES,1,YES,NO
ID12554,RURAL,16625.9,YES,1,NO,NO
ID12555,INNER_CITY,14642.2,NO,0,NO,NO
ID12556,TOWN,30799.5,YES,2,NO,NO
ID12557,SUBURBAN,47198.6,YES,2,YES,NO
ID12558,RURAL,25768.6,YES,0,YES,YES
ID12559,INNER_CITY,46587.9,NO,0,YES,NO
ID12560,TOWN,15976.3,YES,0,YES,NO
ID12561,SUBURBAN,36599,YES,3,YES,NO
ID12562,SUBURBAN,36599,YES,3,YES,NO
ID12563,SUBURBAN,18707.3,YES,0,YES,NO
ID12564,INNER_CITY,36256.9,NO,0,NO,NO
ID12565,INNER_CITY,18184.6,YES,0,NO,NO
ID12566,INNER_CITY,21268.4,YES,0,NO,NO
ID12567,SUBURBAN,15109.4,YES,0,NO,NO
ID12568,INNER_CITY,40949.9,NO,0,YES,NO
ID12569,RURAL,26281.4,NO,0,YES,NO
ID12570,INNER_CITY,18364.9,YES,1,NO,NO
ID12571,RURAL,48971.6,YES,3,YES,NO
ID12572,TOWN,37689.1,NO,1,YES,NO
ID12573,RURAL,15797.1,YES,0,YES,NO
ID12574,RURAL,26281.4,NO,0,YES,NO
ID12575,INNER_CITY,58092,NO,2,YES,NO
ID12576,INNER_CITY,18158.5,NO,1,NO,NO
ID12577,RURAL,28138.5,YES,0,NO,NO
ID12578,TOWN,27757.6,NO,0,YES,NO
ID12579,RURAL,20736.2,YES,1,YES,NO
ID12580,INNER_CITY,31473.9,NO,2,YES,NO
ID12581,SUBURBAN,30198.5,YES,0,NO,NO
ID12582,TOWN,37689.1,NO,1,YES,NO
ID12583,INNER_CITY,21268.4,YES,0,NO,NO
ID12584,INNER_CITY,27045.1,NO,0,NO,NO
ID12585,INNER_CITY,22446.5,NO,1,NO,NO
ID12586,RURAL,15797.1,YES,0,YES,NO
ID12587,TOWN,23337.2,YES,2,YES,YES
ID12588,INNER_CITY,21184.7,YES,1,YES,NO
ID12589,INNER_CITY,38453.7,NO,2,YES,NO
ID12590,TOWN,51620.8,NO,2,YES,NO
ID12591,TOWN,30799.5,YES,2,NO,NO
ID12592,INNER_CITY,16662.5,YES,1,YES,NO
ID12593,INNER_CITY,33007.3,NO,1,NO,NO
ID12594,INNER_CITY,7756.3,NO,0,NO,NO
ID12595,RURAL,24607.8,NO,1,YES,YES
ID12596,SUBURBAN,30198.5,YES,0,NO,NO
ID12597,SUBURBAN,25468.5,NO,0,NO,NO
ID12598,SUBURBAN,50409.9,NO,2,YES,NO
ID12599,TOWN,27756.3,YES,0,YES,NO
ID12600,TOWN,33302.8,NO,0,NO,NO
ID12601,INNER_CITY,23475.6,YES,0,NO,NO
ID12602,SUBURBAN,23287.9,NO,0,NO,NO
ID12603,TOWN,26542.8,NO,0,YES,NO
ID12604,SUBURBAN,24858.4,YES,0,NO,NO
ID12605,INNER_CITY,20754.3,NO,0,NO,NO
ID12606,TOWN,42378.2,YES,1,YES,NO
ID12607,TOWN,21984.4,NO,3,YES,YES
ID12608,SUBURBAN,51879.3,YES,2,YES,NO
ID12609,RURAL,52769.9,YES,3,YES,NO
ID12610,SUBURBAN,59175.1,YES,1,YES,NO
ID12611,TOWN,26542.8,NO,0,YES,NO
ID12612,SUBURBAN,45856.1,NO,1,YES,NO
ID12613,TOWN,58367.3,YES,1,YES,NO
ID12614,INNER_CITY,23175,YES,0,NO,NO
ID12615,INNER_CITY,59805.6,YES,1,YES,NO
ID12616,RURAL,50849.2,NO,1,YES,NO
ID12617,INNER_CITY,24042,NO,1,NO,NO
ID12618,INNER_CITY,22446.5,NO,1,NO,NO
ID12619,RURAL,52769.9,YES,3,YES,NO
ID12620,INNER_CITY,16518.6,YES,0,NO,NO
ID12621,RURAL,28138.5,YES,0,NO,NO
ID12622,INNER_CITY,34852.3,YES,1,YES,NO
ID12623,RURAL,57176.4,NO,2,YES,NO
ID12624,RURAL,48971.6,YES,3,YES,NO
ID12625,TOWN,33302.8,NO,0,NO,NO
ID12626,INNER_CITY,23175,YES,0,NO,NO
ID12627,TOWN,37689.1,NO,1,YES,NO
ID12628,TOWN,52662.5,YES,1,YES,NO
ID12629,TOWN,31273.8,NO,1,YES,NO
ID12630,SUBURBAN,15109.4,YES,0,NO,NO
ID12631,INNER_CITY,48950.9,YES,0,YES,YES
ID12632,INNER_CITY,25372.8,YES,0,YES,YES
ID12633,RURAL,21096.2,YES,1,YES,NO
ID12634,SUBURBAN,21042,YES,1,NO,NO
ID12635,RURAL,11215.3,YES,2,YES,NO
ID12636,SUBURBAN,48770.5,YES,1,YES,NO
ID12637,SUBURBAN,48770.5,YES,1,YES,NO
ID12638,INNER_CITY,12163.9,YES,2,NO,NO
ID12639,INNER_CITY,38103.4,NO,2,YES,NO
ID12640,RURAL,28138.5,YES,0,NO,NO
ID12641,INNER_CITY,34852.3,YES,1,YES,NO
ID12642,TOWN,9465.2,NO,0,NO,NO
ID12643,RURAL,25132.9,YES,0,NO,YES
ID12644,TOWN,15976.3,YES,0,YES,NO
ID12645,INNER_CITY,33886.4,NO,0,YES,NO
ID12646,SUBURBAN,27712.9,NO,2,YES,NO
ID12647,TOWN,26671.6,NO,0,NO,NO
ID12648,INNER_CITY,22792.3,YES,1,YES,NO
ID12649,INNER_CITY,14642.2,NO,0,NO,NO
ID12650,TOWN,51620.8,NO,2,YES,NO
ID12651,INNER_CITY,24042,NO,1,NO,NO
ID12652,TOWN,17239.5,NO,1,NO,NO
ID12653,INNER_CITY,52117.3,NO,2,YES,NO
ID12654,SUBURBAN,11595.4,NO,0,YES,NO
ID12655,INNER_CITY,31415.7,NO,1,YES,NO
ID12656,RURAL,19481.3,NO,0,NO,NO
ID12657,TOWN,17149.2,NO,1,YES,NO
ID12658,INNER_CITY,7304.2,NO,0,YES,YES
ID12659,RURAL,37389,YES,2,YES,NO
ID12660,INNER_CITY,37850.6,NO,1,YES,NO
ID12661,TOWN,37689.1,NO,1,YES,NO
ID12662,TOWN,20262.6,NO,0,YES,NO
ID12663,TOWN,38540,NO,0,YES,YES
ID12664,INNER_CITY,31207.1,NO,0,NO,NO
ID12665,TOWN,26671.6,NO,0,NO,NO
ID12666,RURAL,48971.6,YES,3,YES,NO
ID12667,SUBURBAN,12810.2,NO,3,YES,NO
ID12668,INNER_CITY,14511.8,NO,2,YES,YES
ID12669,INNER_CITY,24823.5,NO,2,NO,YES
ID12670,INNER_CITY,17944.2,NO,1,YES,NO
ID12671,INNER_CITY,14606.6,YES,1,NO,YES
ID12672,INNER_CITY,17944.2,NO,1,YES,NO
ID12673,TOWN,43395.5,NO,1,YES,NO
ID12674,RURAL,20736.2,YES,1,YES,NO
ID12675,INNER_CITY,52117.3,NO,2,YES,NO
ID12676,INNER_CITY,21821.4,YES,1,YES,NO
ID12677,INNER_CITY,16352.2,NO,0,YES,YES
ID12678,INNER_CITY,38453.7,NO,2,YES,NO
ID12679,TOWN,52662.5,YES,1,YES,NO
ID12680,TOWN,45342.5,YES,0,YES,NO
ID12681,INNER_CITY,16518.6,YES,0,NO,NO
ID12682,INNER_CITY,16479.5,YES,0,NO,NO
ID12683,INNER_CITY,16398.8,NO,1,YES,NO
ID12684,TOWN,33302.8,NO,0,NO,NO
ID12685,INNER_CITY,21821.4,YES,1,YES,NO
ID12686,INNER_CITY,9672.2,YES,0,YES,YES
ID12687,SUBURBAN,37554.1,YES,2,YES,NO
ID12688,TOWN,37689.1,NO,1,YES,NO
ID12689,INNER_CITY,33886.4,NO,0,YES,NO
ID12690,TOWN,24027.6,NO,0,YES,NO
ID12691,SUBURBAN,59175.1,YES,1,YES,NO
ID12692,SUBURBAN,17986.8,YES,0,NO,NO
ID12693,RURAL,57398.1,NO,3,YES,NO
ID12694,INNER_CITY,15281.8,NO,0,NO,NO
ID12695,INNER_CITY,40949.9,NO,0,YES,NO
ID12696,SUBURBAN,21984,YES,1,NO,NO
ID12697,INNER_CITY,31473.9,NO,2,YES,NO
ID12698,INNER_CITY,10191.8,YES,0,YES,NO
ID12699,RURAL,49673.6,YES,0,YES,YES
ID12700,TOWN,58367.3,YES,1,YES,NO
ID12701,INNER_CITY,34182.2,YES,2,YES,NO
ID12702,INNER_CITY,29866.9,NO,1,NO,NO
ID12703,TOWN,43057,NO,1,YES,NO
ID12704,INNER_CITY,20754.3,NO,0,NO,NO
ID12705,RURAL,33665.5,NO,3,NO,YES
ID12706,SUBURBAN,24858.4,YES,0,NO,NO
ID12707,SUBURBAN,45856.1,NO,1,YES,NO
ID12708,RURAL,18565.8,YES,1,YES,NO
ID12709,RURAL,57398.1,NO,3,YES,NO
ID12710,RURAL,34061.4,NO,0,YES,NO
ID12711,INNER_CITY,29866.9,NO,1,NO,NO
ID12712,INNER_CITY,24042,NO,1,NO,NO
ID12713,TOWN,26671.6,NO,0,NO,NO
ID12714,SUBURBAN,22362.3,NO,0,YES,NO
ID12715,TOWN,20555,NO,0,YES,NO
ID12716,INNER_CITY,47750.2,YES,0,YES,YES
ID12717,SUBURBAN,45856.1,NO,1,YES,NO
ID12718,RURAL,48971.6,YES,3,YES,NO
ID12719,INNER_CITY,40949.9,NO,0,YES,NO
ID12720,INNER_CITY,58092,NO,2,YES,NO
ID12721,INNER_CITY,10191.8,YES,0,YES,NO
ID12722,INNER_CITY,14642.2,NO,0,NO,NO
ID12723,SUBURBAN,47198.6,YES,2,YES,NO
ID12724,INNER_CITY,21184.7,YES,1,YES,NO
ID12725,TOWN,33204.3,NO,1,NO,NO
ID12726,TOWN,22678.1,NO,1,YES,NO
ID12727,TOWN,17239.5,NO,1,NO,NO
ID12728,INNER_CITY,16518.6,YES,0,NO,NO
ID12729,SUBURBAN,48770.5,YES,1,YES,NO
ID12730,TOWN,40972.9,NO,2,YES,NO
ID12731,INNER_CITY,33007.3,NO,1,NO,NO
ID12732,TOWN,34836.8,YES,1,YES,NO
ID12733,INNER_CITY,41438,NO,1,YES,NO
ID12734,INNER_CITY,29414.6,YES,1,YES,NO
ID12735,RURAL,19481.3,NO,0,NO,NO
ID12736,INNER_CITY,32184.4,YES,2,NO,NO
ID12737,INNER_CITY,61554.6,YES,0,YES,YES
ID12738,TOWN,27757.6,NO,0,YES,NO
ID12739,TOWN,43395.5,NO,1,YES,NO
ID12740,SUBURBAN,51879.3,YES,2,YES,NO
ID12741,TOWN,45342.5,YES,0,YES,NO
ID12742,TOWN,27756.3,YES,0,YES,NO
ID12743,INNER_CITY,40949.9,NO,0,YES,NO
ID12744,TOWN,20262.6,NO,0,YES,NO
ID12745,SUBURBAN,51879.3,YES,2,YES,NO
ID12746,INNER_CITY,38459.9,YES,0,NO,NO
ID12747,RURAL,21096.2,YES,1,YES,NO
ID12748,INNER_CITY,46587.9,NO,0,YES,NO
ID12749,SUBURBAN,12810.2,NO,3,YES,NO
ID12750,SUBURBAN,36599,YES,3,YES,NO
ID12751,RURAL,9592.7,NO,0,YES,NO
ID12752,INNER_CITY,38103.4,NO,2,YES,NO
ID12753,INNER_CITY,29414.6,YES,1,YES,NO
ID12754,TOWN,29866.3,YES,3,YES,YES
ID12755,TOWN,20555,NO,0,YES,NO
ID12756,INNER_CITY,24042,NO,1,NO,NO
ID12757,TOWN,40972.9,NO,2,YES,NO
ID12758,SUBURBAN,59175.1,YES,1,YES,NO
ID12759,INNER_CITY,21821.4,YES,1,YES,NO
ID12760,SUBURBAN,50409.9,NO,2,YES,NO
ID12761,RURAL,57176.4,NO,2,YES,NO
ID12762,INNER_CITY,46587.9,NO,0,YES,NO
ID12763,INNER_CITY,34253.6,NO,3,NO,YES
ID12764,INNER_CITY,15281.8,NO,0,NO,NO
ID12765,SUBURBAN,21951.3,NO,0,YES,YES
ID12766,TOWN,21623.8,YES,0,YES,YES
ID12767,INNER_CITY,21821.4,YES,1,YES,NO
ID12768,INNER_CITY,36646.4,NO,1,YES,NO
ID12769,INNER_CITY,30067.5,NO,1,YES,NO
ID12770,TOWN,30799.5,YES,2,NO,NO
ID12771,INNER_CITY,23175,YES,0,NO,NO
ID12772,INNER_CITY,31207.1,NO,0,NO,NO
ID12773,INNER_CITY,29414.6,YES,1,YES,NO
ID12774,SUBURBAN,17986.8,YES,0,NO,NO
ID12775,RURAL,22882.9,YES,0,NO,NO
ID12776,RURAL,22848.5,YES,1,NO,NO
ID12777,INNER_CITY,52117.3,NO,2,YES,NO
ID12778,SUBURBAN,39358.3,YES,0,NO,YES
ID12779,SUBURBAN,45856.1,NO,1,YES,NO
ID12780,RURAL,37389,YES,2,YES,NO
ID12781,INNER_CITY,16662.5,YES,1,YES,NO
ID12782,INNER_CITY,28469.9,YES,0,YES,YES
ID12783,INNER_CITY,32184.4,YES,2,NO,NO
ID12784,TOWN,43395.5,NO,1,YES,NO
ID12785,INNER_CITY,16518.6,YES,0,NO,NO
ID12786,INNER_CITY,31207.1,NO,0,NO,NO
ID12787,TOWN,27756.3,YES,0,YES,NO
ID12788,INNER_CITY,17364.8,YES,2,YES,NO
ID12789,INNER_CITY,30067.5,NO,1,YES,NO
ID12790,SUBURBAN,17986.8,YES,0,NO,NO
ID12791,SUBURBAN,27712.9,NO,2,YES,NO
ID12792,INNER_CITY,12163.9,YES,2,NO,NO
ID12793,RURAL,16625.9,YES,1,NO,NO
ID12794,TOWN,23528.4,YES,1,YES,NO
ID12795,INNER_CITY,12163.9,YES,2,NO,NO
ID12796,INNER_CITY,15417.1,YES,1,NO,YES
ID12797,INNER_CITY,18158.5,NO,1,NO,NO
ID12798,TOWN,58367.3,YES,1,YES,NO
ID12799,TOWN,30799.5,YES,2,NO,NO
ID12800,INNER_CITY,21821.4,YES,1,YES,NO
ID12801,INNER_CITY,17944.2,NO,1,YES,NO
ID12802,SUBURBAN,25468.5,NO,0,NO,NO
ID12803,RURAL,26281.4,NO,0,YES,NO
ID12804,TOWN,43057,NO,1,YES,NO
ID12805,INNER_CITY,22053.2,YES,2,YES,YES
ID12806,RURAL,9592.7,NO,0,YES,NO
ID12807,SUBURBAN,59175.1,YES,1,YES,NO
ID12808,RURAL,21096.2,YES,1,YES,NO
ID12809,SUBURBAN,18707.3,YES,0,YES,NO
ID12810,RURAL,52769.9,YES,3,YES,NO
ID12811,RURAL,9592.7,NO,0,YES,NO
ID12812,INNER_CITY,18158.5,NO,1,NO,NO
ID12813,INNER_CITY,16479.5,YES,0,NO,NO
ID12814,RURAL,50897.6,YES,0,YES,YES
ID12815,SUBURBAN,11595.4,NO,0,YES,NO
ID12816,INNER_CITY,46587.9,NO,0,YES,NO
ID12817,INNER_CITY,31207.1,NO,0,NO,NO
ID12818,TOWN,30760.4,NO,2,NO,NO
ID12819,TOWN,26688.1,YES,1,YES,NO
ID12820,INNER_CITY,17308.7,YES,1,NO,NO
ID12821,INNER_CITY,13864.6,YES,3,YES,NO
ID12822,INNER_CITY,15689.1,NO,0,NO,YES
ID12823,RURAL,22848.5,YES,1,NO,NO
ID12824,TOWN,21612.6,YES,0,YES,YES
ID12825,INNER_CITY,57444.5,NO,1,YES,NO
ID12826,TOWN,23528.4,YES,1,YES,NO
ID12827,INNER_CITY,13864.6,YES,3,YES,NO
ID12828,INNER_CITY,33886.4,NO,0,YES,NO
ID12829,INNER_CITY,31415.7,NO,1,YES,NO
ID12830,SUBURBAN,23287.9,NO,0,NO,NO
ID12831,RURAL,22848.5,YES,1,NO,NO
ID12832,TOWN,43057,NO,1,YES,NO
ID12833,INNER_CITY,22446.5,NO,1,NO,NO
ID12834,TOWN,12644.9,YES,2,NO,YES
ID12835,TOWN,18912.2,YES,0,NO,NO
ID12836,TOWN,37689.1,NO,1,YES,NO
ID12837,TOWN,52662.5,YES,1,YES,NO
ID12838,RURAL,48971.6,YES,3,YES,NO
ID12839,TOWN,22197.1,NO,0,NO,NO
ID12840,TOWN,22400.7,YES,2,YES,YES
ID12841,INNER_CITY,17364.8,YES,2,YES,NO
ID12842,INNER_CITY,16398.8,NO,1,YES,NO
ID12843,INNER_CITY,27642.9,NO,1,NO,NO
ID12844,INNER_CITY,29714.4,YES,0,NO,NO
ID12845,INNER_CITY,21821.4,YES,1,YES,NO
ID12846,INNER_CITY,7756.3,NO,0,NO,NO
ID12847,INNER_CITY,13864.6,YES,3,YES,NO
ID12848,SUBURBAN,21042,YES,1,NO,NO
ID12849,INNER_CITY,36646.4,NO,1,YES,NO
ID12850,RURAL,18565.8,YES,1,YES,NO
ID12851,INNER_CITY,17308.7,YES,1,NO,NO
ID12852,TOWN,17149.2,NO,1,YES,NO
ID12853,TOWN,22234.7,YES,0,NO,YES
ID12854,INNER_CITY,17364.8,YES,2,YES,NO
ID12855,RURAL,11215.3,YES,2,YES,NO
ID12856,INNER_CITY,36095.9,YES,3,YES,YES
ID12857,TOWN,31273.8,NO,1,YES,NO
ID12858,SUBURBAN,23287.9,NO,0,NO,NO
ID12859,INNER_CITY,21268.4,YES,0,NO,NO
ID12860,INNER_CITY,27045.1,NO,0,NO,NO
ID12861,INNER_CITY,34182.2,YES,2,YES,NO
ID12862,SUBURBAN,30198.5,YES,0,NO,NO
ID12863,RURAL,52769.9,YES,3,YES,NO
ID12864,INNER_CITY,20409.3,YES,2,YES,NO
ID12865,INNER_CITY,32184.4,YES,2,NO,NO
ID12866,INNER_CITY,16662.5,YES,1,YES,NO
ID12867,SUBURBAN,37554.1,YES,2,YES,NO
ID12868,SUBURBAN,46461.5,YES,0,YES,YES
ID12869,INNER_CITY,38103.4,NO,2,YES,NO
ID12870,SUBURBAN,18707.3,YES,0,YES,NO
ID12871,TOWN,33615.4,YES,1,YES,NO
ID12872,SUBURBAN,15109.4,YES,0,NO,NO
ID12873,SUBURBAN,22362.3,NO,0,YES,NO
ID12874,INNER_CITY,19326.9,YES,1,NO,NO
ID12875,SUBURBAN,31290.6,YES,0,YES,YES
ID12876,TOWN,20262.6,NO,0,YES,NO
ID12877,SUBURBAN,12810.2,NO,3,YES,NO
ID12878,TOWN,43057,NO,1,YES,NO
ID12879,SUBURBAN,21984,YES,1,NO,NO
ID12880,SUBURBAN,22362.3,NO,0,YES,NO
ID12881,TOWN,10672,NO,1,YES,YES
ID12882,INNER_CITY,7756.3,NO,0,NO,NO
ID12883,TOWN,51299.3,YES,1,YES,NO
ID12884,RURAL,11215.3,YES,2,YES,NO
ID12885,TOWN,34836.8,YES,1,YES,NO
ID12886,INNER_CITY,57444.5,NO,1,YES,NO
ID12887,TOWN,22678.1,NO,1,YES,NO
ID12888,INNER_CITY,29866.9,NO,1,NO,NO
ID12889,SUBURBAN,50409.9,NO,2,YES,NO
ID12890,TOWN,9465.2,NO,0,NO,NO
ID12891,SUBURBAN,23092.1,YES,0,NO,NO
ID12892,INNER_CITY,34852.3,YES,1,YES,NO
ID12893,RURAL,34061.4,NO,0,YES,NO
ID12894,INNER_CITY,10191.8,YES,0,YES,NO
ID12895,TOWN,22678.1,NO,1,YES,NO
ID12896,INNER_CITY,37850.6,NO,1,YES,NO
ID12897,INNER_CITY,18184.6,YES,0,NO,NO
ID12898,SUBURBAN,22362.3,NO,0,YES,NO
ID12899,INNER_CITY,33007.3,NO,1,NO,NO
ID12900,SUBURBAN,11595.4,NO,0,YES,NO
ID12901,INNER_CITY,30067.5,NO,1,YES,NO
ID12902,INNER_CITY,20409.3,YES,2,YES,NO
ID12903,INNER_CITY,18364.9,YES,1,NO,NO
ID12904,TOWN,15976.3,YES,0,YES,NO
ID12905,SUBURBAN,23092.1,YES,0,NO,NO
ID12906,INNER_CITY,15281.8,NO,0,NO,NO
ID12907,INNER_CITY,16479.5,YES,0,NO,NO
ID12908,TOWN,25699.4,YES,2,YES,NO
ID12909,INNER_CITY,29714.4,YES,0,NO,NO
ID12910,INNER_CITY,33007.3,NO,1,NO,NO
ID12911,SUBURBAN,24858.4,YES,0,NO,NO
ID12912,RURAL,57398.1,NO,3,YES,NO
ID12913,TOWN,19918.9,YES,3,YES,YES
ID12914,INNER_CITY,29714.4,YES,0,NO,NO
ID12915,INNER_CITY,41438,NO,1,YES,NO
ID12916,INNER_CITY,18364.9,YES,1,NO,NO
ID12917,TOWN,58367.3,YES,1,YES,NO
ID12918,RURAL,9592.7,NO,0,YES,NO
ID12919,TOWN,31273.8,NO,1,YES,NO
ID12920,INNER_CITY,16662.5,YES,1,YES,NO
ID12921,SUBURBAN,21984,YES,1,NO,NO
ID12922,INNER_CITY,46587.9,NO,0,YES,NO
ID12923,TOWN,17149.2,NO,1,YES,NO
ID12924,INNER_CITY,23475.6,YES,0,NO,NO
ID12925,INNER_CITY,13864.6,YES,3,YES,NO
ID12926,RURAL,16625.9,YES,1,NO,NO
ID12927,INNER_CITY,41438,NO,1,YES,NO
ID12928,INNER_CITY,23175,YES,0,NO,NO
ID12929,SUBURBAN,36599,YES,3,YES,NO
ID12930,RURAL,18565.8,YES,1,YES,NO
ID12931,INNER_CITY,30067.5,NO,1,YES,NO
ID12932,TOWN,30799.5,YES,2,NO,NO
ID12933,INNER_CITY,29866.9,NO,1,NO,NO
ID12934,INNER_CITY,40949.9,NO,0,YES,NO
ID12935,INNER_CITY,31207.1,NO,0,NO,NO
ID12936,SUBURBAN,21984,YES,1,NO,NO
ID12937,INNER_CITY,18184.6,YES,0,NO,NO
ID12938,TOWN,24027.6,NO,0,YES,NO
ID12939,SUBURBAN,37554.1,YES,2,YES,NO
ID12940,INNER_CITY,44658.6,NO,2,YES,NO
ID12941,INNER_CITY,29714.4,YES,0,NO,NO
ID12942,INNER_CITY,22446.5,NO,1,NO,NO
ID12943,INNER_CITY,18050,YES,0,NO,NO
ID12944,INNER_CITY,20409.3,YES,2,YES,NO
ID12945,TOWN,33615.4,YES,1,YES,NO
ID12946,RURAL,11215.3,YES,2,YES,NO
ID12947,TOWN,51299.3,YES,1,YES,NO
ID12948,TOWN,18912.2,YES,0,NO,NO
ID12949,INNER_CITY,40949.9,NO,0,YES,NO
ID12950,TOWN,33302.8,NO,0,NO,NO
ID12951,INNER_CITY,36646.4,NO,1,YES,NO
ID12952,INNER_CITY,38459.9,YES,0,NO,NO
ID12953,INNER_CITY,23175,YES,0,NO,NO
ID12954,INNER_CITY,59805.6,YES,1,YES,NO
ID12955,TOWN,19160.3,YES,1,YES,NO
ID12956,INNER_CITY,37850.6,NO,1,YES,NO
ID12957,RURAL,34061.4,NO,0,YES,NO
ID12958,SUBURBAN,12810.2,NO,3,YES,NO
ID12959,INNER_CITY,27045.1,NO,0,NO,NO
ID12960,TOWN,43395.5,NO,1,YES,NO
ID12961,INNER_CITY,24042,NO,1,NO,NO
ID12962,INNER_CITY,29414.6,YES,1,YES,NO
ID12963,RURAL,19481.3,NO,0,NO,NO
ID12964,INNER_CITY,13864.6,YES,3,YES,NO
ID12965,SUBURBAN,22362.3,NO,0,YES,NO
ID12966,TOWN,25683.4,NO,2,YES,YES
ID12967,INNER_CITY,58092,NO,2,YES,NO
ID12968,INNER_CITY,32184.4,YES,2,NO,NO
ID12969,TOWN,23528.4,YES,1,YES,NO
ID12970,INNER_CITY,16662.5,YES,1,YES,NO
ID12971,TOWN,25699.4,YES,2,YES,NO
ID12972,RURAL,48346.1,YES,1,YES,NO
ID12973,INNER_CITY,57444.5,NO,1,YES,NO
ID12974,TOWN,18912.2,YES,0,NO,NO
ID12975,TOWN,43395.5,NO,1,YES,NO
ID12976,TOWN,18036.7,YES,0,YES,YES
ID12977,INNER_CITY,33007.3,NO,1,NO,NO
ID12978,INNER_CITY,58092,NO,2,YES,NO
ID12979,INNER_CITY,17308.7,YES,1,NO,NO
ID12980,SUBURBAN,51417,YES,2,YES,NO
ID12981,TOWN,17239.5,NO,1,NO,NO
ID12982,INNER_CITY,17364.8,YES,2,YES,NO
ID12983,TOWN,40972.9,NO,2,YES,NO
ID12984,INNER_CITY,57444.5,NO,1,YES,NO
ID12985,SUBURBAN,21984,YES,1,NO,NO
ID12986,RURAL,57398.1,NO,3,YES,NO
ID12987,RURAL,20736.2,YES,1,YES,NO
ID12988,RURAL,57176.4,NO,2,YES,NO
ID12989,RURAL,57398.1,NO,3,YES,NO
ID12990,TOWN,26671.6,NO,0,NO,NO
ID12991,INNER_CITY,13864.6,YES,3,YES,NO
ID12992,SUBURBAN,11595.4,NO,0,YES,NO
ID12993,INNER_CITY,17944.2,NO,1,YES,NO
ID12994,SUBURBAN,51879.3,YES,2,YES,NO
ID12995,TOWN,22197.1,NO,0,NO,NO
ID12996,INNER_CITY,31207.1,NO,0,NO,NO
ID12997,INNER_CITY,19326.9,YES,1,NO,NO
ID12998,SUBURBAN,12810.2,NO,3,YES,NO
ID12999,RURAL,11215.3,YES,2,YES,NO
ID13000,INNER_CITY,15281.8,NO,0,NO,NO
ID13001,RURAL,15797.1,YES,0,YES,NO
ID13002,TOWN,43395.5,NO,1,YES,NO
ID13003,SUBURBAN,17986.8,YES,0,NO,NO
ID13004,INNER_CITY,29866.9,NO,1,NO,NO
ID13005,RURAL,48346.1,YES,1,YES,NO
ID13006,RURAL,36281,YES,0,YES,YES
ID13007,TOWN,9465.2,NO,0,NO,NO
ID13008,INNER_CITY,18364.9,YES,1,NO,NO
ID13009,INNER_CITY,29414.6,YES,1,YES,NO
ID13010,SUBURBAN,25468.5,NO,0,NO,NO
ID13011,RURAL,26281.4,NO,0,YES,NO
ID13012,INNER_CITY,16479.5,YES,0,NO,NO
ID13013,INNER_CITY,18050,YES,0,NO,NO
ID13014,SUBURBAN,37554.1,YES,2,YES,NO
ID13015,TOWN,33204.3,NO,1,NO,NO
ID13016,RURAL,28138.5,YES,0,NO,NO
ID13017,RURAL,37389,YES,2,YES,NO
ID13018,INNER_CITY,30067.5,NO,1,YES,NO
ID13019,SUBURBAN,18707.3,YES,0,YES,NO
ID13020,RURAL,20058.7,YES,0,YES,YES
ID13021,RURAL,11520.8,YES,0,NO,YES
ID13022,INNER_CITY,24042,NO,1,NO,NO
ID13023,INNER_CITY,38459.9,YES,0,NO,NO
ID13024,TOWN,30799.5,YES,2,NO,NO
ID13025,RURAL,34061.4,NO,0,YES,NO
ID13026,SUBURBAN,45856.1,NO,1,YES,NO
ID13027,SUBURBAN,11595.4,NO,0,YES,NO
ID13028,TOWN,31273.8,NO,1,YES,NO
ID13029,SUBURBAN,24858.4,YES,0,NO,NO
ID13030,SUBURBAN,36599,YES,3,YES,NO
ID13031,RURAL,48971.6,YES,3,YES,NO
ID13032,RURAL,26106.7,NO,1,NO,NO
ID13033,TOWN,26671.6,NO,0,NO,NO
ID13034,RURAL,50849.2,NO,1,YES,NO
ID13035,TOWN,11736.9,NO,2,YES,YES
ID13036,INNER_CITY,27045.1,NO,0,NO,NO
ID13037,INNER_CITY,12163.9,YES,2,NO,NO
ID13038,TOWN,46963.9,YES,1,YES,NO
ID13039,RURAL,30488.7,YES,0,YES,YES
ID13040,TOWN,33302.8,NO,0,NO,NO
ID13041,RURAL,42628.3,NO,0,YES,YES
ID13042,INNER_CITY,31473.9,NO,2,YES,NO
ID13043,SUBURBAN,45856.1,NO,1,YES,NO
ID13044,RURAL,28138.5,YES,0,NO,NO
ID13045,INNER_CITY,44658.6,NO,2,YES,NO
ID13046,TOWN,22678.1,NO,1,YES,NO
ID13047,INNER_CITY,36646.4,NO,1,YES,NO
ID13048,TOWN,20262.6,NO,0,YES,NO
ID13049,INNER_CITY,36256.9,NO,0,NO,NO
ID13050,TOWN,42378.2,YES,1,YES,NO
ID13051,TOWN,51620.8,NO,2,YES,NO
ID13052,TOWN,46963.9,YES,1,YES,NO
ID13053,SUBURBAN,51417,YES,2,YES,NO
ID13054,TOWN,26671.6,NO,0,NO,NO
ID13055,SUBURBAN,11595.4,NO,0,YES,NO
ID13056,RURAL,19481.3,NO,0,NO,NO
ID13057,INNER_CITY,33886.4,NO,0,YES,NO
ID13058,INNER_CITY,27045.1,NO,0,NO,NO
ID13059,TOWN,40972.9,NO,2,YES,NO
ID13060,RURAL,21096.2,YES,1,YES,NO
ID13061,SUBURBAN,12683.6,NO,3,YES,YES
ID13062,SUBURBAN,12117.3,YES,1,NO,YES
ID13063,INNER_CITY,22792.3,YES,1,YES,NO
ID13064,INNER_CITY,23475.6,YES,0,NO,NO
ID13065,INNER_CITY,16088.8,YES,3,YES,YES
ID13066,TOWN,17239.5,NO,1,NO,NO
ID13067,INNER_CITY,11866.4,YES,0,YES,YES
ID13068,SUBURBAN,37554.1,YES,2,YES,NO
ID13069,SUBURBAN,27712.9,NO,2,YES,NO
ID13070,RURAL,22848.5,YES,1,NO,NO
ID13071,RURAL,31864.8,YES,0,YES,YES
ID13072,TOWN,24027.6,NO,0,YES,NO
ID13073,TOWN,29625.1,YES,2,NO,YES
ID13074,INNER_CITY,7756.3,NO,0,NO,NO
ID13075,INNER_CITY,37850.6,NO,1,YES,NO
ID13076,SUBURBAN,21984,YES,1,NO,NO
ID13077,SUBURBAN,17986.8,YES,0,NO,NO
ID13078,INNER_CITY,22446.5,NO,1,NO,NO
ID13079,INNER_CITY,29414.6,YES,1,YES,NO
ID13080,INNER_CITY,41438,NO,1,YES,NO
ID13081,INNER_CITY,20409.3,YES,2,YES,NO
ID13082,INNER_CITY,16662.5,YES,1,YES,NO
ID13083,TOWN,51299.3,YES,1,YES,NO
ID13084,SUBURBAN,59175.1,YES,1,YES,NO
ID13085,INNER_CITY,38598.4,YES,0,NO,YES
ID13086,TOWN,37414.7,NO,3,YES,YES
ID13087,TOWN,17149.2,NO,1,YES,NO
ID13088,TOWN,46963.9,YES,1,YES,NO
ID13089,INNER_CITY,22446.5,NO,1,NO,NO
ID13090,RURAL,20736.2,YES,1,YES,NO
ID13091,RURAL,43499.5,YES,1,YES,YES
ID13092,SUBURBAN,51879.3,YES,2,YES,NO
ID13093,RURAL,26106.7,NO,1,NO,NO
ID13094,SUBURBAN,15109.4,YES,0,NO,NO
ID13095,TOWN,19160.3,YES,1,YES,NO
ID13096,SUBURBAN,48770.5,YES,1,YES,NO
ID13097,INNER_CITY,31671.3,YES,1,YES,NO
ID13098,TOWN,58367.3,YES,1,YES,NO
ID13099,INNER_CITY,44658.6,NO,2,YES,NO
ID13100,RURAL,32762.5,NO,0,YES,YES
ID13101,INNER_CITY,52117.3,NO,2,YES,NO
ID13102,TOWN,17149.2,NO,1,YES,NO
ID13103,INNER_CITY,14627.9,YES,2,YES,YES
ID13104,SUBURBAN,50409.9,NO,2,YES,NO
ID13105,TOWN,51299.3,YES,1,YES,NO
ID13106,RURAL,34061.4,NO,0,YES,NO
ID13107,INNER_CITY,30067.5,NO,1,YES,NO
ID13108,INNER_CITY,33007.3,NO,1,NO,NO
ID13109,TOWN,22197.1,NO,0,NO,NO
ID13110,INNER_CITY,23171.8,NO,2,YES,YES
ID13111,TOWN,19160.3,YES,1,YES,NO
ID13112,TOWN,16849.3,NO,0,YES,YES
ID13113,INNER_CITY,20754.3,NO,0,NO,NO
ID13114,RURAL,16625.9,YES,1,NO,NO
ID13115,TOWN,33204.3,NO,1,NO,NO
ID13116,INNER_CITY,19326.9,YES,1,NO,NO
ID13117,TOWN,52662.5,YES,1,YES,NO
ID13118,TOWN,33615.4,YES,1,YES,NO
ID13119,SUBURBAN,23092.1,YES,0,NO,NO
ID13120,RURAL,16625.9,YES,1,NO,NO
ID13121,SUBURBAN,21042,YES,1,NO,NO
ID13122,INNER_CITY,34852.3,YES,1,YES,NO
ID13123,INNER_CITY,31473.9,NO,2,YES,NO
ID13124,RURAL,52769.9,YES,3,YES,NO
ID13125,RURAL,19481.3,NO,0,NO,NO
ID13126,SUBURBAN,25468.5,NO,0,NO,NO
ID13127,INNER_CITY,17308.7,YES,1,NO,NO
ID13128,TOWN,33204.3,NO,1,NO,NO
ID13129,TOWN,46963.9,YES,1,YES,NO
ID13130,TOWN,26542.8,NO,0,YES,NO
ID13131,RURAL,19481.3,NO,0,NO,NO
ID13132,INNER_CITY,18184.6,YES,0,NO,NO
ID13133,SUBURBAN,15109.4,YES,0,NO,NO
ID13134,TOWN,45342.5,YES,0,YES,NO
ID13135,INNER_CITY,23175,YES,0,NO,NO
ID13136,TOWN,22197.1,NO,0,NO,NO
ID13137,RURAL,37389,YES,2,YES,NO
ID13138,TOWN,19160.3,YES,1,YES,NO
ID13139,TOWN,42378.2,YES,1,YES,NO
ID13140,INNER_CITY,23175,YES,0,NO,NO
ID13141,INNER_CITY,57444.5,NO,1,YES,NO
ID13142,TOWN,19160.3,YES,1,YES,NO
ID13143,TOWN,15976.3,YES,0,YES,NO
ID13144,RURAL,14505.3,NO,3,YES,YES
ID13145,RURAL,50186.1,YES,2,YES,NO
ID13146,INNER_CITY,37850.6,NO,1,YES,NO
ID13147,TOWN,46963.9,YES,1,YES,NO
ID13148,INNER_CITY,36256.9,NO,0,NO,NO
ID13149,INNER_CITY,21184.7,YES,1,YES,NO
ID13150,SUBURBAN,23287.9,NO,0,NO,NO
ID13151,INNER_CITY,52117.3,NO,2,YES,NO
ID13152,TOWN,26542.8,NO,0,YES,NO
ID13153,INNER_CITY,19326.9,YES,1,NO,NO
ID13154,SUBURBAN,51417,YES,2,YES,NO
ID13155,INNER_CITY,17308.7,YES,1,NO,NO
ID13156,SUBURBAN,21042,YES,1,NO,NO
ID13157,SUBURBAN,37554.1,YES,2,YES,NO
ID13158,INNER_CITY,33886.4,NO,0,YES,NO
ID13159,TOWN,23528.4,YES,1,YES,NO
ID13160,INNER_CITY,31473.9,NO,2,YES,NO
ID13161,RURAL,26281.4,NO,0,YES,NO
ID13162,INNER_CITY,15308.2,NO,0,YES,YES
ID13163,TOWN,43395.5,NO,1,YES,NO
ID13164,INNER_CITY,59805.6,YES,1,YES,NO
ID13165,TOWN,17239.5,NO,1,NO,NO
ID13166,RURAL,22848.5,YES,1,NO,NO
ID13167,RURAL,50186.1,YES,2,YES,NO
ID13168,TOWN,33615.4,YES,1,YES,NO
ID13169,RURAL,48971.6,YES,3,YES,NO
ID13170,TOWN,26688.1,YES,1,YES,NO
ID13171,INNER_CITY,40949.9,NO,0,YES,NO
ID13172,RURAL,18565.8,YES,1,YES,NO
ID13173,TOWN,24027.6,NO,0,YES,NO
ID13174,INNER_CITY,41438,NO,1,YES,NO
ID13175,TOWN,30760.4,NO,2,NO,NO
ID13176,TOWN,26542.8,NO,0,YES,NO
ID13177,TOWN,20262.6,NO,0,YES,NO
ID13178,INNER_CITY,19326.9,YES,1,NO,NO
ID13179,INNER_CITY,29866.9,NO,1,NO,NO
ID13180,INNER_CITY,22792.3,YES,1,YES,NO
ID13181,INNER_CITY,40949.9,NO,0,YES,NO
ID13182,INNER_CITY,33007.3,NO,1,NO,NO
ID13183,SUBURBAN,27712.9,NO,2,YES,NO
ID13184,RURAL,20736.2,YES,1,YES,NO
ID13185,INNER_CITY,32184.4,YES,2,NO,NO
ID13186,RURAL,50849.2,NO,1,YES,NO
ID13187,TOWN,9465.2,NO,0,NO,NO
ID13188,SUBURBAN,47198.6,YES,2,YES,NO
ID13189,TOWN,58367.3,YES,1,YES,NO
ID13190,INNER_CITY,11920.7,NO,1,YES,YES
ID13191,SUBURBAN,59175.1,YES,1,YES,NO
ID13192,INNER_CITY,17364.8,YES,2,YES,NO
ID13193,INNER_CITY,18050,YES,0,NO,NO
ID13194,RURAL,34061.4,NO,0,YES,NO
ID13195,RURAL,22848.5,YES,1,NO,NO
ID13196,INNER_CITY,30067.5,NO,1,YES,NO
ID13197,INNER_CITY,44658.6,NO,2,YES,NO
ID13198,TOWN,9465.2,NO,0,NO,NO
ID13199,TOWN,15976.3,YES,0,YES,NO
ID13200,INNER_CITY,16398.8,NO,1,YES,NO
ID13201,INNER_CITY,12163.9,YES,2,NO,NO
ID13202,INNER_CITY,18184.6,YES,0,NO,NO
ID13203,INNER_CITY,34182.2,YES,2,YES,NO
ID13204,INNER_CITY,20409.3,YES,2,YES,NO
ID13205,TOWN,26688.1,YES,1,YES,NO
ID13206,RURAL,11215.3,YES,2,YES,NO
ID13207,RURAL,26106.7,NO,1,NO,NO
ID13208,INNER_CITY,46587.9,NO,0,YES,NO
ID13209,RURAL,28138.5,YES,0,NO,NO
ID13210,TOWN,31273.8,NO,1,YES,NO
ID13211,INNER_CITY,31207.1,NO,0,NO,NO
ID13212,RURAL,18565.8,YES,1,YES,NO
ID13213,TOWN,37689.1,NO,1,YES,NO
ID13214,RURAL,9592.7,NO,0,YES,NO
ID13215,INNER_CITY,22792.3,YES,1,YES,NO
ID13216,TOWN,33302.8,NO,0,NO,NO
ID13217,INNER_CITY,32583.5,YES,2,YES,YES
ID13218,RURAL,22848.5,YES,1,NO,NO
ID13219,INNER_CITY,52117.3,NO,2,YES,NO
ID13220,SUBURBAN,21042,YES,1,NO,NO
ID13221,RURAL,48346.1,YES,1,YES,NO
ID13222,SUBURBAN,59175.1,YES,1,YES,NO
ID13223,RURAL,15797.1,YES,0,YES,NO
ID13224,INNER_CITY,57444.5,NO,1,YES,NO
ID13225,RURAL,50186.1,YES,2,YES,NO
ID13226,SUBURBAN,37554.1,YES,2,YES,NO
ID13227,INNER_CITY,38103.4,NO,2,YES,NO
ID13228,TOWN,17239.5,NO,1,NO,NO
ID13229,TOWN,58367.3,YES,1,YES,NO
ID13230,INNER_CITY,10191.8,YES,0,YES,NO
ID13231,SUBURBAN,24858.4,YES,0,NO,NO
ID13232,INNER_CITY,17308.7,YES,1,NO,NO
ID13233,TOWN,20555,NO,0,YES,NO
ID13234,TOWN,31273.8,NO,1,YES,NO
ID13235,INNER_CITY,52117.3,NO,2,YES,NO
ID13236,SUBURBAN,47198.6,YES,2,YES,NO
ID13237,TOWN,30760.4,NO,2,NO,NO
ID13238,TOWN,19160.3,YES,1,YES,NO
ID13239,RURAL,18565.8,YES,1,YES,NO
ID13240,RURAL,57176.4,NO,2,YES,NO
ID13241,INNER_CITY,31207.1,NO,0,NO,NO
ID13242,TOWN,40972.9,NO,2,YES,NO
ID13243,INNER_CITY,19326.9,YES,1,NO,NO
ID13244,INNER_CITY,14642.2,NO,0,NO,NO
ID13245,RURAL,34061.4,NO,0,YES,NO
ID13246,SUBURBAN,21042,YES,1,NO,NO
ID13247,INNER_CITY,44682.1,YES,0,YES,YES
ID13248,INNER_CITY,32184.4,YES,2,NO,NO
ID13249,INNER_CITY,27765.8,YES,3,YES,YES
ID13250,INNER_CITY,57444.5,NO,1,YES,NO
ID13251,INNER_CITY,36646.4,NO,1,YES,NO
ID13252,INNER_CITY,20754.3,NO,0,NO,NO
ID13253,INNER_CITY,21139.8,YES,2,YES,YES
ID13254,INNER_CITY,27642.9,NO,1,NO,NO
ID13255,TOWN,22678.1,NO,1,YES,NO
ID13256,INNER_CITY,27642.9,NO,1,NO,NO
ID13257,INNER_CITY,20754.3,NO,0,NO,NO
ID13258,INNER_CITY,21268.4,YES,0,NO,NO
ID13259,INNER_CITY,12163.9,YES,2,NO,NO
ID13260,INNER_CITY,14642.2,NO,0,NO,NO
ID13261,SUBURBAN,23287.9,NO,0,NO,NO
ID13262,INNER_CITY,29714.4,YES,0,NO,NO
ID13263,SUBURBAN,47198.6,YES,2,YES,NO
ID13264,INNER_CITY,18184.6,YES,0,NO,NO
ID13265,TOWN,51620.8,NO,2,YES,NO
ID13266,RURAL,22882.9,YES,0,NO,NO
ID13267,SUBURBAN,36599,YES,3,YES,NO
ID13268,SUBURBAN,51417,YES,2,YES,NO
ID13269,INNER_CITY,58092,NO,2,YES,NO
ID13270,SUBURBAN,48770.5,YES,1,YES,NO
ID13271,SUBURBAN,51417,YES,2,YES,NO
ID13272,RURAL,15797.1,YES,0,YES,NO
ID13273,INNER_CITY,38784,YES,0,YES,YES
ID13274,TOWN,22678.1,NO,1,YES,NO
ID13275,TOWN,20262.6,NO,0,YES,NO
ID13276,INNER_CITY,44288.3,YES,0,YES,YES
ID13277,TOWN,14014.5,YES,3,YES,YES
ID13278,RURAL,9592.7,NO,0,YES,NO
ID13279,INNER_CITY,29414.6,YES,1,YES,NO
ID13280,INNER_CITY,59805.6,YES,1,YES,NO
ID13281,INNER_CITY,31671.3,YES,1,YES,NO
ID13282,RURAL,15797.1,YES,0,YES,NO
ID13283,TOWN,26542.8,NO,0,YES,NO
ID13284,INNER_CITY,31671.3,YES,1,YES,NO
ID13285,SUBURBAN,51879.3,YES,2,YES,NO
ID13286,INNER_CITY,30157.7,NO,1,NO,NO
ID13287,INNER_CITY,6294.2,NO,0,YES,YES
ID13288,TOWN,9465.2,NO,0,NO,NO
ID13289,TOWN,24027.6,NO,0,YES,NO
ID13290,TOWN,42378.2,YES,1,YES,NO
ID13291,RURAL,26281.4,NO,0,YES,NO
ID13292,TOWN,51620.8,NO,2,YES,NO
ID13293,TOWN,51620.8,NO,2,YES,NO
ID13294,TOWN,9465.2,NO,0,NO,NO
ID13295,INNER_CITY,27045.1,NO,0,NO,NO
ID13296,RURAL,16109.9,NO,2,YES,YES
ID13297,INNER_CITY,34182.2,YES,2,YES,NO
ID13298,TOWN,11043.7,YES,1,YES,YES
ID13299,INNER_CITY,22110.1,NO,2,YES,YES
ID13300,INNER_CITY,30067.5,NO,1,YES,NO
ID13301,TOWN,20262.6,NO,0,YES,NO
ID13302,TOWN,23528.4,YES,1,YES,NO
ID13303,SUBURBAN,17986.8,YES,0,NO,NO
ID13304,INNER_CITY,22792.3,YES,1,YES,NO
ID13305,INNER_CITY,25830.5,YES,2,NO,YES
ID13306,SUBURBAN,18707.3,YES,0,YES,NO
ID13307,INNER_CITY,38453.7,NO,2,YES,NO
ID13308,INNER_CITY,31415.7,NO,1,YES,NO
ID13309,INNER_CITY,16518.6,YES,0,NO,NO
ID13310,RURAL,26281.4,NO,0,YES,NO
ID13311,RURAL,50186.1,YES,2,YES,NO
ID13312,INNER_CITY,40949.9,NO,0,YES,NO
ID13313,TOWN,22197.1,NO,0,NO,NO
ID13314,INNER_CITY,23175,YES,0,NO,NO
ID13315,TOWN,15976.3,YES,0,YES,NO
ID13316,INNER_CITY,16398.8,NO,1,YES,NO
ID13317,TOWN,43057,NO,1,YES,NO
ID13318,TOWN,45342.5,YES,0,YES,NO
ID13319,TOWN,22007.1,NO,3,NO,YES
ID13320,INNER_CITY,18364.9,YES,1,NO,NO
ID13321,INNER_CITY,17364.8,YES,2,YES,NO
ID13322,INNER_CITY,16662.5,YES,1,YES,NO
ID13323,INNER_CITY,41438,NO,1,YES,NO
ID13324,TOWN,18912.2,YES,0,NO,NO
ID13325,SUBURBAN,18707.3,YES,0,YES,NO
ID13326,TOWN,26688.1,YES,1,YES,NO
ID13327,RURAL,22882.9,YES,0,NO,NO
ID13328,INNER_CITY,33007.3,NO,1,NO,NO
ID13329,INNER_CITY,36646.4,NO,1,YES,NO
ID13330,TOWN,33204.3,NO,1,NO,NO
ID13331,INNER_CITY,36256.9,NO,0,NO,NO
ID13332,RURAL,37389,YES,2,YES,NO
ID13333,INNER_CITY,13864.6,YES,3,YES,NO
ID13334,INNER_CITY,13864.6,YES,3,YES,NO
ID13335,INNER_CITY,28981.1,YES,3,YES,YES
ID13336,INNER_CITY,23175,YES,0,NO,NO
ID13337,INNER_CITY,27642.9,NO,1,NO,NO
ID13338,RURAL,16625.9,YES,1,NO,NO
ID13339,RURAL,15797.1,YES,0,YES,NO
ID13340,INNER_CITY,31671.3,YES,1,YES,NO
ID13341,TOWN,42378.2,YES,1,YES,NO
ID13342,INNER_CITY,23475.6,YES,0,NO,NO
ID13343,RURAL,30971.8,YES,3,YES,YES
ID13344,TOWN,58367.3,YES,1,YES,NO
ID13345,SUBURBAN,36599,YES,3,YES,NO
ID13346,INNER_CITY,18050,YES,0,NO,NO
ID13347,TOWN,28421.7,YES,2,YES,YES
ID13348,TOWN,26671.6,NO,0,NO,NO
ID13349,INNER_CITY,49917.3,YES,0,YES,YES
ID13350,INNER_CITY,18364.9,YES,1,NO,NO
ID13351,INNER_CITY,36646.4,NO,1,YES,NO
ID13352,TOWN,51299.3,YES,1,YES,NO
ID13353,INNER_CITY,19326.9,YES,1,NO,NO
ID13354,INNER_CITY,7756.3,NO,0,NO,NO
ID13355,INNER_CITY,27417.6,YES,0,YES,YES
ID13356,TOWN,37689.1,NO,1,YES,NO
ID13357,TOWN,33302.8,NO,0,NO,NO
ID13358,RURAL,50849.2,NO,1,YES,NO
ID13359,TOWN,27756.3,YES,0,YES,NO
ID13360,INNER_CITY,23475.6,YES,0,NO,NO
ID13361,INNER_CITY,31415.7,NO,1,YES,NO
ID13362,SUBURBAN,24858.4,YES,0,NO,NO
ID13363,TOWN,26920.8,YES,0,NO,YES
ID13364,TOWN,34836.8,YES,1,YES,NO
ID13365,SUBURBAN,50409.9,NO,2,YES,NO
ID13366,TOWN,33615.4,YES,1,YES,NO
ID13367,INNER_CITY,18050,YES,0,NO,NO
ID13368,RURAL,22882.9,YES,0,NO,NO
ID13369,TOWN,34836.8,YES,1,YES,NO
ID13370,INNER_CITY,29866.9,NO,1,NO,NO
ID13371,RURAL,16625.9,YES,1,NO,NO
ID13372,TOWN,29541.7,YES,0,YES,YES
ID13373,INNER_CITY,23038.2,YES,0,YES,YES
ID13374,INNER_CITY,16518.6,YES,0,NO,NO
ID13375,SUBURBAN,24858.4,YES,0,NO,NO
ID13376,INNER_CITY,22792.3,YES,1,YES,NO
ID13377,TOWN,38248.3,YES,3,YES,YES
ID13378,RURAL,50849.2,NO,1,YES,NO
ID13379,TOWN,24027.6,NO,0,YES,NO
ID13380,INNER_CITY,37850.6,NO,1,YES,NO
ID13381,RURAL,26106.7,NO,1,NO,NO
ID13382,RURAL,16625.9,YES,1,NO,NO
ID13383,RURAL,20736.2,YES,1,YES,NO
ID13384,INNER_CITY,29414.6,YES,1,YES,NO
ID13385,INNER_CITY,15281.8,NO,0,NO,NO
ID13386,TOWN,18912.2,YES,0,NO,NO
ID13387,INNER_CITY,58092,NO,2,YES,NO
ID13388,SUBURBAN,15109.4,YES,0,NO,NO
ID13389,RURAL,18565.8,YES,1,YES,NO
ID13390,INNER_CITY,17944.2,NO,1,YES,NO
ID13391,SUBURBAN,36599,YES,3,YES,NO
ID13392,INNER_CITY,18158.5,NO,1,NO,NO
ID13393,TOWN,45342.5,YES,0,YES,NO
ID13394,INNER_CITY,36256.9,NO,0,NO,NO
ID13395,TOWN,25699.4,YES,2,YES,NO
ID13396,INNER_CITY,20409.3,YES,2,YES,NO
ID13397,TOWN,34836.8,YES,1,YES,NO
ID13398,SUBURBAN,48770.5,YES,1,YES,NO
ID13399,TOWN,20555,NO,0,YES,NO
ID13400,SUBURBAN,25468.5,NO,0,NO,NO
ID13401,TOWN,27756.3,YES,0,YES,NO
ID13402,SUBURBAN,51417,YES,2,YES,NO
ID13403,INNER_CITY,18050,YES,0,NO,NO
ID13404,TOWN,31273.8,NO,1,YES,NO
ID13405,INNER_CITY,14642.2,NO,0,NO,NO
ID13406,INNER_CITY,27642.9,NO,1,NO,NO
ID13407,TOWN,26542.8,NO,0,YES,NO
ID13408,INNER_CITY,27045.1,NO,0,NO,NO
ID13409,RURAL,37389,YES,2,YES,NO
ID13410,TOWN,19160.3,YES,1,YES,NO
ID13411,SUBURBAN,24858.4,YES,0,NO,NO
ID13412,TOWN,27756.3,YES,0,YES,NO
ID13413,TOWN,13950.4,NO,1,YES,YES
ID13414,TOWN,51299.3,YES,1,YES,NO
ID13415,TOWN,31273.8,NO,1,YES,NO
ID13416,TOWN,51299.3,YES,1,YES,NO
ID13417,INNER_CITY,22446.5,NO,1,NO,NO
ID13418,RURAL,22848.5,YES,1,NO,NO
ID13419,INNER_CITY,52117.3,NO,2,YES,NO
ID13420,SUBURBAN,50409.9,NO,2,YES,NO
ID13421,TOWN,27756.3,YES,0,YES,NO
ID13422,INNER_CITY,37850.6,NO,1,YES,NO
ID13423,TOWN,16291,YES,0,YES,YES
ID13424,TOWN,18912.2,YES,0,NO,NO
ID13425,SUBURBAN,27712.9,NO,2,YES,NO
ID13426,TOWN,20262.6,NO,0,YES,NO
ID13427,TOWN,43943,YES,0,YES,YES
ID13428,SUBURBAN,23287.9,NO,0,NO,NO
ID13429,RURAL,15797.1,YES,0,YES,NO
ID13430,INNER_CITY,21184.7,YES,1,YES,NO
ID13431,INNER_CITY,30067.5,NO,1,YES,NO
ID13432,RURAL,16625.9,YES,1,NO,NO
ID13433,INNER_CITY,34852.3,YES,1,YES,NO
ID13434,RURAL,50849.2,NO,1,YES,NO
ID13435,TOWN,26542.8,NO,0,YES,NO
ID13436,TOWN,58367.3,YES,1,YES,NO
ID13437,SUBURBAN,22362.3,NO,0,YES,NO
ID13438,TOWN,29574,YES,0,YES,YES
ID13439,SUBURBAN,23092.1,YES,0,NO,NO
ID13440,TOWN,26542.8,NO,0,YES,NO
ID13441,TOWN,46963.9,YES,1,YES,NO
ID13442,SUBURBAN,45856.1,NO,1,YES,NO
ID13443,INNER_CITY,22792.3,YES,1,YES,NO
ID13444,INNER_CITY,16479.5,YES,0,NO,NO
ID13445,INNER_CITY,21268.4,YES,0,NO,NO
ID13446,RURAL,26106.7,NO,1,NO,NO
ID13447,TOWN,27757.6,NO,0,YES,NO
ID13448,TOWN,26671.6,NO,0,NO,NO
ID13449,INNER_CITY,38453.7,NO,2,YES,NO
ID13450,INNER_CITY,17308.7,YES,1,NO,NO
ID13451,SUBURBAN,21042,YES,1,NO,NO
ID13452,INNER_CITY,14642.2,NO,0,NO,NO
ID13453,TOWN,17149.2,NO,1,YES,NO
ID13454,INNER_CITY,23818.6,YES,0,NO,YES
ID13455,SUBURBAN,47198.6,YES,2,YES,NO
ID13456,TOWN,27756.3,YES,0,YES,NO
ID13457,INNER_CITY,59805.6,YES,1,YES,NO
ID13458,TOWN,20262.6,NO,0,YES,NO
ID13459,TOWN,27757.6,NO,0,YES,NO
ID13460,INNER_CITY,27642.9,NO,1,NO,NO
ID13461,INNER_CITY,44658.6,NO,2,YES,NO
ID13462,TOWN,43395.5,NO,1,YES,NO
ID13463,INNER_CITY,15281.8,NO,0,NO,NO
ID13464,INNER_CITY,17364.8,YES,2,YES,NO
ID13465,INNER_CITY,33007.3,NO,1,NO,NO
ID13466,INNER_CITY,17371.1,YES,2,YES,YES
ID13467,INNER_CITY,24042,NO,1,NO,NO
ID13468,RURAL,57398.1,NO,3,YES,NO
ID13469,SUBURBAN,11595.4,NO,0,YES,NO
ID13470,INNER_CITY,31415.7,NO,1,YES,NO
ID13471,INNER_CITY,31671.3,YES,1,YES,NO
ID13472,INNER_CITY,31473.9,NO,2,YES,NO
ID13473,RURAL,21096.2,YES,1,YES,NO
ID13474,INNER_CITY,21876.5,YES,0,NO,YES
ID13475,INNER_CITY,20754.3,NO,0,NO,NO
ID13476,INNER_CITY,16479.5,YES,0,NO,NO
ID13477,SUBURBAN,50409.9,NO,2,YES,NO
ID13478,TOWN,25699.4,YES,2,YES,NO
ID13479,SUBURBAN,21984,YES,1,NO,NO
ID13480,INNER_CITY,33886.4,NO,0,YES,NO
ID13481,TOWN,28658.3,YES,0,YES,YES
ID13482,INNER_CITY,12163.9,YES,2,NO,NO
ID13483,RURAL,22882.9,YES,0,NO,NO
ID13484,TOWN,33204.3,NO,1,NO,NO
ID13485,TOWN,33615.4,YES,1,YES,NO
ID13486,INNER_CITY,33007.3,NO,1,NO,NO
ID13487,SUBURBAN,23092.1,YES,0,NO,NO
ID13488,INNER_CITY,30157.7,NO,1,NO,NO
ID13489,RURAL,16625.9,YES,1,NO,NO
ID13490,SUBURBAN,17986.8,YES,0,NO,NO
ID13491,INNER_CITY,21184.7,YES,1,YES,NO
ID13492,INNER_CITY,53104.3,YES,0,YES,YES
ID13493,TOWN,45342.5,YES,0,YES,NO
ID13494,INNER_CITY,18184.6,YES,0,NO,NO
ID13495,INNER_CITY,37850.6,NO,1,YES,NO
ID13496,TOWN,15976.3,YES,0,YES,NO
ID13497,SUBURBAN,23092.1,YES,0,NO,NO
ID13498,TOWN,34836.8,YES,1,YES,NO
ID13499,INNER_CITY,36646.4,NO,1,YES,NO
ID13500,INNER_CITY,34852.3,YES,1,YES,NO
ID13501,TOWN,24027.6,NO,0,YES,YES
ID13502,INNER_CITY,18184.6,YES,0,NO,NO
ID13503,INNER_CITY,29866.9,NO,1,NO,NO
ID13504,TOWN,33615.4,YES,1,YES,NO
ID13505,INNER_CITY,38103.4,NO,2,YES,NO
ID13506,TOWN,24027.6,NO,0,YES,NO
ID13507,INNER_CITY,27642.9,NO,1,NO,NO
ID13508,SUBURBAN,11595.4,NO,0,YES,NO
ID13509,TOWN,46963.9,YES,1,YES,NO
ID13510,INNER_CITY,19326.9,YES,1,NO,NO
ID13511,INNER_CITY,31207.1,NO,0,NO,NO
ID13512,TOWN,9465.2,NO,0,NO,NO
ID13513,TOWN,30760.4,NO,2,NO,NO
ID13514,SUBURBAN,17986.8,YES,0,NO,NO
ID13515,SUBURBAN,15109.4,YES,0,NO,NO
ID13516,TOWN,30799.5,YES,2,NO,NO
ID13517,TOWN,45342.5,YES,0,YES,NO
ID13518,TOWN,37689.1,NO,1,YES,NO
ID13519,SUBURBAN,50409.9,NO,2,YES,NO
ID13520,INNER_CITY,36256.9,NO,0,NO,NO
ID13521,INNER_CITY,36646.4,NO,1,YES,NO
ID13522,TOWN,52662.5,YES,1,YES,NO
ID13523,INNER_CITY,18364.9,YES,1,NO,NO
ID13524,RURAL,9592.7,NO,0,YES,NO
ID13525,SUBURBAN,30198.5,YES,0,NO,NO
ID13526,INNER_CITY,18364.9,YES,1,NO,NO
ID13527,TOWN,27757.6,NO,0,YES,NO
ID13528,INNER_CITY,36256.9,NO,0,NO,NO
ID13529,INNER_CITY,17944.2,NO,1,YES,NO
ID13530,TOWN,33204.3,NO,1,NO,NO
ID13531,INNER_CITY,29714.4,YES,0,NO,NO
ID13532,TOWN,46963.9,YES,1,YES,NO
ID13533,TOWN,17149.2,NO,1,YES,NO
ID13534,RURAL,22882.9,YES,0,NO,NO
ID13535,TOWN,25699.4,YES,2,YES,NO
ID13536,INNER_CITY,13864.6,YES,3,YES,NO
ID13537,RURAL,34061.4,NO,0,YES,NO
ID13538,INNER_CITY,21821.4,YES,1,YES,NO
ID13539,TOWN,25127.7,YES,0,NO,YES
ID13540,INNER_CITY,18050,YES,0,NO,NO
ID13541,SUBURBAN,23287.9,NO,0,NO,NO
ID13542,RURAL,26106.7,NO,1,NO,NO
ID13543,TOWN,30760.4,NO,2,NO,NO
ID13544,INNER_CITY,12533.2,NO,1,YES,YES
ID13545,INNER_CITY,10191.8,YES,0,YES,NO
ID13546,INNER_CITY,58092,NO,2,YES,NO
ID13547,INNER_CITY,31473.9,NO,2,YES,NO
ID13548,INNER_CITY,29714.4,YES,0,NO,NO
ID13549,TOWN,25699.4,YES,2,YES,NO
ID13550,INNER_CITY,14642.2,NO,0,NO,NO
ID13551,TOWN,33615.4,YES,1,YES,NO
ID13552,INNER_CITY,21184.7,YES,1,YES,NO
ID13553,INNER_CITY,21821.4,YES,1,YES,NO
ID13554,RURAL,22848.5,YES,1,NO,NO
ID13555,TOWN,43057,NO,1,YES,NO
ID13556,INNER_CITY,19326.9,YES,1,NO,NO
ID13557,TOWN,24027.6,NO,0,YES,YES
ID13558,TOWN,23528.4,YES,1,YES,NO
ID13559,INNER_CITY,20409.3,YES,2,YES,NO
ID13560,INNER_CITY,21184.7,YES,1,YES,NO
ID13561,TOWN,29231.4,YES,0,YES,YES
ID13562,INNER_CITY,38459.9,YES,0,NO,NO
ID13563,SUBURBAN,48770.5,YES,1,YES,NO
ID13564,INNER_CITY,38103.4,NO,2,YES,NO
ID13565,INNER_CITY,38459.9,YES,0,NO,NO
ID13566,RURAL,48346.1,YES,1,YES,NO
ID13567,RURAL,9592.7,NO,0,YES,NO
ID13568,TOWN,22197.1,NO,0,NO,NO
ID13569,SUBURBAN,11595.4,NO,0,YES,NO
ID13570,TOWN,18912.2,YES,0,NO,NO
ID13571,SUBURBAN,24858.4,YES,0,NO,NO
ID13572,INNER_CITY,18184.6,YES,0,NO,NO
ID13573,INNER_CITY,38453.7,NO,2,YES,NO
ID13574,SUBURBAN,22362.3,NO,0,YES,NO
ID13575,TOWN,30760.4,NO,2,NO,NO
ID13576,SUBURBAN,21984,YES,1,NO,NO
ID13577,TOWN,38059.8,YES,0,YES,YES
ID13578,TOWN,40972.9,NO,2,YES,NO
ID13579,TOWN,18912.2,YES,0,NO,NO
ID13580,INNER_CITY,34182.2,YES,2,YES,NO
ID13581,RURAL,50849.2,NO,1,YES,NO
ID13582,RURAL,18565.8,YES,1,YES,NO
ID13583,INNER_CITY,47025,NO,2,YES,YES
ID13584,INNER_CITY,59805.6,YES,1,YES,NO
ID13585,INNER_CITY,31671.3,YES,1,YES,NO
ID13586,SUBURBAN,27712.9,NO,2,YES,NO
ID13587,TOWN,30488,YES,0,YES,YES
ID13588,TOWN,26688.1,YES,1,YES,NO
ID13589,SUBURBAN,47198.6,YES,2,YES,NO
ID13590,INNER_CITY,31415.7,NO,1,YES,NO
ID13591,INNER_CITY,31473.9,NO,2,YES,NO
ID13592,INNER_CITY,10191.8,YES,0,YES,NO
ID13593,RURAL,23638.1,YES,2,YES,YES
ID13594,SUBURBAN,11073,YES,2,YES,YES
ID13595,INNER_CITY,15281.8,NO,0,NO,NO
ID13596,INNER_CITY,41438,NO,1,YES,NO
ID13597,INNER_CITY,33886.4,NO,0,YES,NO
ID13598,SUBURBAN,12810.2,NO,3,YES,NO
ID13599,INNER_CITY,34182.2,YES,2,YES,NO
ID13600,INNER_CITY,41438,NO,1,YES,NO
ID13601,TOWN,9465.2,NO,0,NO,NO
ID13602,RURAL,9592.7,NO,0,YES,NO
ID13603,RURAL,48971.6,YES,3,YES,YES
ID13604,INNER_CITY,18364.9,YES,1,NO,NO
ID13605,RURAL,15797.1,YES,0,YES,NO
ID13606,SUBURBAN,50409.9,NO,2,YES,NO
ID13607,INNER_CITY,22446.5,NO,1,NO,NO
ID13608,TOWN,9465.2,NO,0,NO,NO
ID13609,RURAL,57398.1,NO,3,YES,NO
ID13610,RURAL,37389,YES,2,YES,NO
ID13611,TOWN,43799.6,NO,0,YES,YES
ID13612,RURAL,57176.4,NO,2,YES,NO
ID13613,TOWN,17239.5,NO,1,NO,NO
ID13614,TOWN,51620.8,NO,2,YES,NO
ID13615,TOWN,12549,YES,0,YES,YES
ID13616,SUBURBAN,51417,YES,2,YES,NO
ID13617,INNER_CITY,27642.9,NO,1,NO,NO
ID13618,RURAL,19481.3,NO,0,NO,NO
ID13619,INNER_CITY,21184.7,YES,1,YES,NO
ID13620,INNER_CITY,33886.4,NO,0,YES,NO
ID13621,RURAL,48971.6,YES,3,YES,NO
ID13622,INNER_CITY,57444.5,NO,1,YES,NO
ID13623,INNER_CITY,18050,YES,0,NO,NO
ID13624,INNER_CITY,27045.1,NO,0,NO,NO
ID13625,INNER_CITY,16479.5,YES,0,NO,NO
ID13626,TOWN,23485.9,YES,3,NO,YES
ID13627,INNER_CITY,30067.5,NO,1,YES,NO
ID13628,SUBURBAN,21042,YES,1,NO,NO
ID13629,INNER_CITY,10191.8,YES,0,YES,NO
ID13630,TOWN,30799.5,YES,2,NO,NO
ID13631,TOWN,52662.5,YES,1,YES,NO
ID13632,INNER_CITY,31415.7,NO,1,YES,NO
ID13633,INNER_CITY,16398.8,NO,1,YES,NO
ID13634,RURAL,50186.1,YES,2,YES,NO
ID13635,TOWN,46963.9,YES,1,YES,YES
ID13636,INNER_CITY,16662.5,YES,1,YES,NO
ID13637,SUBURBAN,48770.5,YES,1,YES,NO
ID13638,SUBURBAN,37554.1,YES,2,YES,NO
ID13639,SUBURBAN,9316.9,YES,2,YES,YES
ID13640,TOWN,23528.4,YES,1,YES,NO
ID13641,RURAL,50849.2,NO,1,YES,NO
ID13642,INNER_CITY,46870.4,YES,0,YES,YES
ID13643,INNER_CITY,58092,NO,2,YES,NO
ID13644,TOWN,26688.1,YES,1,YES,NO
ID13645,TOWN,17247.7,YES,2,YES,YES
ID13646,RURAL,18565.8,YES,1,YES,NO
ID13647,INNER_CITY,38453.7,NO,2,YES,NO
ID13648,INNER_CITY,38453.7,NO,2,YES,NO
ID13649,SUBURBAN,30198.5,YES,0,NO,NO
ID13650,RURAL,52769.9,YES,3,YES,NO
ID13651,SUBURBAN,23092.1,YES,0,NO,NO
ID13652,INNER_CITY,44658.6,NO,2,YES,YES
ID13653,INNER_CITY,17364.8,YES,2,YES,NO
ID13654,INNER_CITY,29866.9,NO,1,NO,NO
ID13655,TOWN,20555,NO,0,YES,NO
ID13656,TOWN,40972.9,NO,2,YES,NO
ID13657,TOWN,34836.8,YES,1,YES,NO
ID13658,RURAL,50186.1,YES,2,YES,NO
ID13659,TOWN,46963.9,YES,1,YES,YES
ID13660,SUBURBAN,22362.3,NO,0,YES,NO
ID13661,INNER_CITY,15281.8,NO,0,NO,NO
ID13662,TOWN,25699.4,YES,2,YES,NO
ID13663,TOWN,52662.5,YES,1,YES,NO
ID13664,RURAL,19563.8,NO,3,NO,YES
ID13665,INNER_CITY,12163.9,YES,2,NO,NO
ID13666,INNER_CITY,29414.6,YES,1,YES,NO
ID13667,TOWN,22678.1,NO,1,YES,NO
ID13668,TOWN,52662.5,YES,1,YES,NO
ID13669,INNER_CITY,17364.8,YES,2,YES,NO
ID13670,INNER_CITY,21268.4,YES,0,NO,NO
ID13671,INNER_CITY,34852.3,YES,1,YES,NO
ID13672,INNER_CITY,11601.4,YES,2,YES,YES
ID13673,TOWN,51299.3,YES,1,YES,NO
ID13674,INNER_CITY,36646.4,NO,1,YES,NO
ID13675,SUBURBAN,51417,YES,2,YES,NO
ID13676,INNER_CITY,38459.9,YES,0,NO,NO
ID13677,TOWN,26671.6,NO,0,NO,NO
ID13678,SUBURBAN,47198.6,YES,2,YES,NO
ID13679,INNER_CITY,27045.1,NO,0,NO,NO
ID13680,TOWN,45342.5,YES,0,YES,NO
ID13681,TOWN,51620.8,NO,2,YES,NO
ID13682,RURAL,34061.4,NO,0,YES,NO
ID13683,INNER_CITY,17364.8,YES,2,YES,NO
ID13684,TOWN,22678.1,NO,1,YES,NO
ID13685,INNER_CITY,30157.7,NO,1,NO,NO
ID13686,SUBURBAN,18707.3,YES,0,YES,NO
ID13687,INNER_CITY,21184.7,YES,1,YES,NO
ID13688,INNER_CITY,31415.7,NO,1,YES,NO
ID13689,RURAL,9592.7,NO,0,YES,NO
ID13690,INNER_CITY,18184.6,YES,0,NO,NO
ID13691,RURAL,57176.4,NO,2,YES,NO
ID13692,INNER_CITY,34182.2,YES,2,YES,NO
ID13693,INNER_CITY,20409.3,YES,2,YES,NO
ID13694,RURAL,50849.2,NO,1,YES,NO
ID13695,TOWN,20268,YES,0,YES,YES
ID13696,TOWN,19160.3,YES,1,YES,NO
ID13697,TOWN,40972.9,NO,2,YES,NO
ID13698,INNER_CITY,31415.7,NO,1,YES,NO
ID13699,INNER_CITY,30157.7,NO,1,NO,NO
ID13700,TOWN,34836.8,YES,1,YES,NO
ID13701,INNER_CITY,38459.9,YES,0,NO,NO
ID13702,INNER_CITY,59805.6,YES,1,YES,NO
ID13703,TOWN,19160.3,YES,1,YES,NO
ID13704,SUBURBAN,45856.1,NO,1,YES,NO
ID13705,TOWN,36524.7,NO,1,NO,NO
ID13706,INNER_CITY,10900.8,YES,3,NO,YES
ID13707,RURAL,28717.3,NO,1,NO,NO
ID13708,TOWN,18864.1,NO,1,YES,NO
ID13709,INNER_CITY,21358.4,YES,0,YES,YES
ID13710,INNER_CITY,22952.9,YES,0,YES,YES
ID13711,TOWN,18963.4,NO,1,NO,NO
ID13712,RURAL,25133.3,YES,1,NO,NO
ID13713,SUBURBAN,23146.2,YES,1,NO,NO
ID13714,TOWN,56429.2,YES,1,YES,NO
ID13715,TOWN,47362.7,NO,1,YES,NO
ID13716,TOWN,33724.5,YES,0,YES,YES
ID13717,INNER_CITY,39882.5,NO,0,NO,NO
ID13718,RURAL,23205.8,YES,1,YES,NO
ID13719,RURAL,28717.3,NO,1,NO,NO
ID13720,INNER_CITY,18038.6,NO,1,YES,NO
ID13721,TOWN,49876.7,YES,0,YES,NO
ID13722,RURAL,28717.3,NO,1,NO,NO
ID13723,RURAL,22809.8,YES,1,YES,NO
ID13724,INNER_CITY,26446.2,NO,1,NO,NO
ID13725,RURAL,43719.8,YES,0,YES,YES
ID13726,TOWN,47735,NO,1,YES,NO
ID13727,INNER_CITY,8822.2,YES,1,NO,YES
ID13728,INNER_CITY,34838.4,YES,1,YES,NO
ID13729,INNER_CITY,32685.8,YES,0,NO,NO
ID13730,RURAL,62894,NO,2,YES,NO
ID13731,TOWN,20411.4,YES,3,NO,YES
ID13732,RURAL,12336.8,YES,2,YES,NO
ID13733,SUBURBAN,25401.3,YES,0,NO,NO
ID13734,TOWN,25881.2,YES,1,YES,NO
ID13735,INNER_CITY,42299,NO,2,YES,NO
ID13736,TOWN,17573.9,YES,0,YES,NO
ID13737,INNER_CITY,30407.1,NO,1,NO,NO
ID13738,SUBURBAN,65092.6,YES,1,YES,NO
ID13739,INNER_CITY,49124.4,NO,2,YES,NO
ID13740,SUBURBAN,24598.5,NO,0,YES,NO
ID13741,INNER_CITY,34327.8,NO,0,NO,NO
ID13742,TOWN,24945.9,NO,1,YES,NO
ID13743,SUBURBAN,57067.2,YES,2,YES,NO
ID13744,INNER_CITY,48334.6,YES,0,YES,YES
ID13745,RURAL,45608.5,YES,3,YES,YES
ID13746,SUBURBAN,25207.7,YES,0,NO,YES
ID13747,INNER_CITY,16809.9,NO,0,NO,NO
ID13748,RURAL,23205.8,YES,1,YES,NO
ID13749,INNER_CITY,34621.2,NO,2,YES,NO
ID13750,TOWN,29197,NO,0,YES,NO
ID13751,SUBURBAN,23146.2,YES,1,NO,NO
ID13752,INNER_CITY,42305.8,YES,0,NO,NO
ID13753,TOWN,34401.1,NO,1,YES,NO
ID13754,TOWN,47362.7,NO,1,YES,NO
ID13755,SUBURBAN,56558.7,YES,2,YES,NO
ID13756,TOWN,22610.5,NO,0,YES,NO
ID13757,INNER_CITY,31255.1,YES,0,NO,YES
ID13758,RURAL,58046.8,YES,3,YES,NO
ID13759,TOWN,18864.1,NO,1,YES,NO
ID13760,INNER_CITY,37600.4,YES,2,YES,NO
ID13761,TOWN,28269.3,YES,2,YES,NO
ID13762,RURAL,28909.5,NO,0,YES,NO
ID13763,TOWN,57928.7,YES,1,YES,NO
ID13764,INNER_CITY,22450.2,YES,2,YES,NO
ID13765,TOWN,56782.8,NO,2,YES,NO
ID13766,INNER_CITY,13380.2,YES,2,NO,NO
ID13767,RURAL,17376.8,YES,0,YES,NO
ID13768,RURAL,53868.7,YES,3,YES,NO
ID13769,TOWN,29356.9,YES,1,YES,NO
ID13770,INNER_CITY,11079.8,YES,0,NO,YES
ID13771,SUBURBAN,41309.5,YES,2,YES,NO
ID13772,TOWN,13396.3,YES,2,YES,YES
ID13773,INNER_CITY,18170.4,YES,0,NO,NO
ID13774,INNER_CITY,18127.4,YES,0,NO,NO
ID13775,RURAL,30952.3,YES,0,NO,NO
ID13776,SUBURBAN,24598.5,NO,0,YES,NO
ID13777,SUBURBAN,14091.2,NO,3,YES,NO
ID13778,RURAL,30650.2,NO,2,YES,YES
ID13779,SUBURBAN,16620.3,YES,0,NO,NO
ID13780,TOWN,31812.6,YES,0,YES,YES
ID13781,RURAL,28909.5,NO,0,YES,NO
ID13782,RURAL,30952.3,YES,0,NO,NO
ID13783,SUBURBAN,25616.6,NO,0,NO,NO
ID13784,INNER_CITY,11210.9,YES,0,YES,NO
ID13785,SUBURBAN,25401.3,YES,0,NO,NO
ID13786,TOWN,20803.4,YES,0,NO,NO
ID13787,INNER_CITY,17526.6,YES,0,YES,YES
ID13788,RURAL,23205.8,YES,1,YES,NO
ID13789,RURAL,18044.1,YES,0,YES,YES
ID13790,INNER_CITY,19039.5,YES,1,NO,NO
ID13791,TOWN,12409.6,YES,0,YES,YES
ID13792,INNER_CITY,31832.4,YES,3,NO,YES
ID13793,INNER_CITY,33173.4,NO,1,NO,NO
ID13794,SUBURBAN,33218.3,YES,0,NO,NO
ID13795,INNER_CITY,41635.6,NO,1,YES,NO
ID13796,RURAL,53180.7,YES,1,YES,NO
ID13797,INNER_CITY,18170.4,YES,0,NO,NO
ID13798,SUBURBAN,12754.9,NO,0,YES,NO
ID13799,INNER_CITY,29590.6,YES,2,NO,YES
ID13800,TOWN,30533.3,NO,0,YES,NO
ID13801,TOWN,10468.6,NO,3,YES,YES
ID13802,TOWN,20803.4,YES,0,NO,NO
ID13803,TOWN,26430.3,NO,0,YES,NO
ID13804,TOWN,47362.7,NO,1,YES,NO
ID13805,INNER_CITY,57329,NO,2,YES,NO
ID13806,INNER_CITY,24003.5,YES,1,YES,NO
ID13807,TOWN,22610.5,NO,0,YES,NO
ID13808,TOWN,22610.5,NO,0,YES,NO
ID13809,RURAL,55204.7,YES,2,YES,NO
ID13810,INNER_CITY,65736.5,YES,1,YES,NO
ID13811,RURAL,41127.9,YES,2,YES,NO
ID13812,RURAL,25171.1,YES,0,NO,NO
ID13813,TOWN,45070.1,NO,2,YES,NO
ID13814,RURAL,62894,NO,2,YES,NO
ID13815,TOWN,17573.9,YES,0,YES,NO
ID13816,INNER_CITY,19974.3,NO,1,NO,NO
ID13817,TOWN,47362.7,NO,1,YES,NO
ID13818,SUBURBAN,57067.2,YES,2,YES,NO
ID13819,INNER_CITY,16106.4,NO,0,NO,NO
ID13820,INNER_CITY,12552.1,YES,1,NO,YES
ID13821,SUBURBAN,33218.3,YES,0,NO,NO
ID13822,SUBURBAN,27009.5,YES,0,YES,YES
ID13823,TOWN,22610.5,NO,0,YES,NO
ID13824,SUBURBAN,20578,YES,0,YES,NO
ID13825,INNER_CITY,21184.7,YES,1,YES,NO
ID13826,TOWN,15976.3,YES,0,YES,NO
ID13827,RURAL,50186.1,YES,2,YES,NO
ID13828,INNER_CITY,16398.8,NO,1,YES,NO
ID13829,INNER_CITY,34852.3,YES,1,YES,NO
ID13830,INNER_CITY,18158.5,NO,1,NO,NO
ID13831,TOWN,24867.6,YES,0,YES,YES
ID13832,SUBURBAN,30198.5,YES,0,NO,NO
ID13833,INNER_CITY,18050,YES,0,NO,NO
ID13834,RURAL,22882.9,YES,0,NO,NO
ID13835,INNER_CITY,7756.3,NO,0,NO,NO
ID13836,RURAL,21096.2,YES,1,YES,NO
ID13837,INNER_CITY,18158.5,NO,1,NO,NO
ID13838,TOWN,30799.5,YES,2,NO,NO
ID13839,TOWN,20262.6,NO,0,YES,NO
ID13840,INNER_CITY,24042,NO,1,NO,NO
ID13841,RURAL,15237.6,YES,2,NO,YES
ID13842,INNER_CITY,33886.4,NO,0,YES,NO
ID13843,RURAL,37389,YES,2,YES,NO
ID13844,RURAL,26106.7,NO,1,NO,NO
ID13845,SUBURBAN,18707.3,YES,0,YES,NO
ID13846,TOWN,20555,NO,0,YES,NO
ID13847,SUBURBAN,25468.5,NO,0,NO,NO
ID13848,SUBURBAN,36599,YES,3,YES,NO
ID13849,INNER_CITY,38453.7,NO,2,YES,NO
ID13850,SUBURBAN,47198.6,YES,2,YES,NO
ID13851,RURAL,50849.2,NO,1,YES,NO
ID13852,SUBURBAN,24858.4,YES,0,NO,NO
ID13853,TOWN,13327.8,YES,0,YES,YES
ID13854,SUBURBAN,21984,YES,1,NO,NO
ID13855,INNER_CITY,22446.5,NO,1,NO,NO
ID13856,INNER_CITY,16662.5,YES,1,YES,NO
ID13857,INNER_CITY,30157.7,NO,1,NO,NO
ID13858,TOWN,22197.1,NO,0,NO,NO
ID13859,SUBURBAN,28864.9,YES,0,YES,YES
ID13860,INNER_CITY,57444.5,NO,1,YES,NO
ID13861,SUBURBAN,15109.4,YES,0,NO,NO
ID13862,TOWN,25699.4,YES,2,YES,NO
ID13863,RURAL,22882.9,YES,0,NO,NO
ID13864,INNER_CITY,46587.9,NO,0,YES,NO
ID13865,INNER_CITY,41438,NO,1,YES,NO
ID13866,RURAL,57176.4,NO,2,YES,NO
ID13867,RURAL,18565.8,YES,1,YES,NO
ID13868,INNER_CITY,46587.9,NO,0,YES,NO
ID13869,INNER_CITY,17944.2,NO,1,YES,NO
ID13870,INNER_CITY,58092,NO,2,YES,NO
ID13871,INNER_CITY,12163.9,YES,2,NO,NO
ID13872,SUBURBAN,51879.3,YES,2,YES,NO
ID13873,INNER_CITY,16398.8,NO,1,YES,NO
ID13874,RURAL,34061.4,NO,0,YES,NO
ID13875,INNER_CITY,30157.7,NO,1,NO,NO
ID13876,TOWN,45342.5,YES,0,YES,NO
ID13877,INNER_CITY,30157.7,NO,1,NO,NO
ID13878,TOWN,58367.3,YES,1,YES,NO
ID13879,INNER_CITY,46587.9,NO,0,YES,NO
ID13880,INNER_CITY,20409.3,YES,2,YES,NO
ID13881,INNER_CITY,10191.8,YES,0,YES,NO
ID13882,RURAL,50186.1,YES,2,YES,NO
ID13883,RURAL,19481.3,NO,0,NO,NO
ID13884,TOWN,23528.4,YES,1,YES,NO
ID13885,RURAL,19481.3,NO,0,NO,NO
ID13886,INNER_CITY,17308.7,YES,1,NO,NO
ID13887,RURAL,22882.9,YES,0,NO,NO
ID13888,INNER_CITY,40949.9,NO,0,YES,NO
ID13889,INNER_CITY,20754.3,NO,0,NO,NO
ID13890,INNER_CITY,45189.8,YES,0,YES,YES
ID13891,INNER_CITY,41107.2,YES,2,YES,YES
ID13892,TOWN,30760.4,NO,2,NO,NO
ID13893,SUBURBAN,30198.5,YES,0,NO,NO
ID13894,TOWN,30799.5,YES,2,NO,NO
ID13895,TOWN,42378.2,YES,1,YES,NO
ID13896,INNER_CITY,32184.4,YES,2,NO,NO
ID13897,SUBURBAN,25468.5,NO,0,NO,NO
ID13898,SUBURBAN,25468.5,NO,0,NO,NO
ID13899,INNER_CITY,18158.5,NO,1,NO,NO
ID13900,RURAL,57398.1,NO,3,YES,NO
ID13901,INNER_CITY,59805.6,YES,1,YES,NO
ID13902,INNER_CITY,23175,YES,0,NO,NO
ID13903,SUBURBAN,17986.8,YES,0,NO,NO
ID13904,TOWN,25699.4,YES,2,YES,NO
ID13905,TOWN,27757.6,NO,0,YES,NO
ID13906,INNER_CITY,24042,NO,1,NO,NO
ID13907,TOWN,33302.8,NO,0,NO,NO
ID13908,SUBURBAN,25468.5,NO,0,NO,NO
ID13909,TOWN,13267.6,YES,0,YES,YES
ID13910,TOWN,24424.3,YES,0,YES,YES
ID13911,INNER_CITY,36166.2,YES,0,NO,YES
ID13912,INNER_CITY,29714.4,YES,0,NO,NO
ID13913,TOWN,17149.2,NO,1,YES,NO
ID13914,SUBURBAN,21984,YES,1,NO,NO
ID13915,INNER_CITY,17308.7,YES,1,NO,NO
ID13916,RURAL,57398.1,NO,3,YES,NO
ID13917,INNER_CITY,44658.6,NO,2,YES,NO
ID13918,RURAL,48346.1,YES,1,YES,NO
ID13919,TOWN,23528.4,YES,1,YES,NO
ID13920,INNER_CITY,22792.3,YES,1,YES,NO
ID13921,SUBURBAN,12810.2,NO,3,YES,NO
ID13922,INNER_CITY,14642.2,NO,0,NO,NO
ID13923,INNER_CITY,52117.3,NO,2,YES,NO
ID13924,INNER_CITY,17944.2,NO,1,YES,NO
ID13925,INNER_CITY,27642.9,NO,1,NO,NO
ID13926,INNER_CITY,21268.4,YES,0,NO,NO
ID13927,INNER_CITY,16479.5,YES,0,NO,NO
ID13928,INNER_CITY,20754.3,NO,0,NO,NO
ID13929,INNER_CITY,8162.4,YES,1,YES,YES
ID13930,INNER_CITY,32184.4,YES,2,NO,NO
ID13931,INNER_CITY,17944.2,NO,1,YES,NO
ID13932,INNER_CITY,22446.5,NO,1,NO,NO
ID13933,INNER_CITY,7756.3,NO,0,NO,NO
ID13934,RURAL,11215.3,YES,2,YES,NO
ID13935,INNER_CITY,19326.9,YES,1,NO,NO
ID13936,INNER_CITY,34182.2,YES,2,YES,NO
ID13937,RURAL,21096.2,YES,1,YES,NO
ID13938,INNER_CITY,38459.9,YES,0,NO,NO
ID13939,SUBURBAN,51879.3,YES,2,YES,NO
ID13940,RURAL,11536.2,YES,2,NO,YES
ID13941,INNER_CITY,44658.6,NO,2,YES,NO
ID13942,INNER_CITY,21821.4,YES,1,YES,NO
ID13943,SUBURBAN,28495.1,YES,0,YES,YES
ID13944,INNER_CITY,16518.6,YES,0,NO,NO
ID13945,TOWN,26688.1,YES,1,YES,NO
ID13946,RURAL,26281.4,NO,0,YES,NO
ID13947,INNER_CITY,38080.9,YES,1,YES,YES
ID13948,RURAL,52769.9,YES,3,YES,NO
ID13949,INNER_CITY,32184.4,YES,2,NO,NO
ID13950,SUBURBAN,23092.1,YES,0,NO,NO
ID13951,RURAL,28138.5,YES,0,NO,NO
